signal, type    , CC0, CC1, CO
     1, PI      ,   1,   1,  6
     8, PI      ,   1,   1,  6
    13, PI      ,   1,   1,  6
    17, PI      ,   1,   1,  6
    26, PI      ,   1,   1,  6
    29, PI      ,   1,   1,  4
    36, PI      ,   1,   1,  4
    42, PI      ,   1,   1,  4
    51, PI      ,   1,   1,  6
    55, PI      ,   1,   1, 10
    59, PI      ,   1,   1,  5
    68, PI      ,   1,   1, 10
    72, PI      ,   1,   1, 33
    73, PI      ,   1,   1, 33
    74, PI      ,   1,   1, 11
    75, PI      ,   1,   1,  4
    80, PI      ,   1,   1,  4
    85, PI      ,   1,   1,  3
    86, PI      ,   1,   1,  3
    87, PI      ,   1,   1,  5
    88, PI      ,   1,   1,  5
    89, PI      ,   1,   1,  5
    90, PI      ,   1,   1,  4
    91, PI      ,   1,   1, 19
    96, PI      ,   1,   1, 19
   101, PI      ,   1,   1, 19
   106, PI      ,   1,   1, 19
   111, PI      ,   1,   1, 21
   116, PI      ,   1,   1, 21
   121, PI      ,   1,   1, 21
   126, PI      ,   1,   1, 38
   130, PI      ,   1,   1, 30
   135, PI      ,   1,   1, 30
   138, PI      ,   1,   1, 31
   143, PI      ,   1,   1, 29
   146, PI      ,   1,   1, 31
   149, PI      ,   1,   1, 31
   152, PI      ,   1,   1, 31
   153, PI      ,   1,   1, 31
   156, PI      ,   1,   1, 40
   159, PI      ,   1,   1, 26
   165, PI      ,   1,   1, 26
   171, PI      ,   1,   1, 26
   177, PI      ,   1,   1, 26
   183, PI      ,   1,   1, 27
   189, PI      ,   1,   1, 29
   195, PI      ,   1,   1, 29
   201, PI      ,   1,   1, 29
   207, PI      ,   1,   1, 30
   210, PI      ,   1,   1, 19
   219, PI      ,   1,   1, 25
   228, PI      ,   1,   1, 23
   237, PI      ,   1,   1, 26
   246, PI      ,   1,   1, 23
   255, PI      ,   1,   1, 21
   259, PI      ,   1,   1, 21
   260, PI      ,   1,   1, 21
   261, PI      ,   1,   1, 30
   267, PI      ,   1,   1, 21
   268, PI      ,   1,   1, 21
   269, INTERNAL,   5,   2,  2
   270, INTERNAL,   5,   2,  4
   273, INTERNAL,   2,   4,  7
   276, INTERNAL,   2,   4,  3
   279, INTERNAL,   5,   2, 36
   280, INTERNAL,   5,   2,  6
   284, INTERNAL,   5,   2, 29
   285, INTERNAL,   3,   2,  8
   286, INTERNAL,   4,   2,  8
   287, INTERNAL,   2,   4, 37
   290, INTERNAL,   2,   4,  1
   291, INTERNAL,   2,   4,  1
   292, INTERNAL,   2,   4,  1
   293, INTERNAL,   2,   4,  2
   294, INTERNAL,   2,   4, 39
   295, INTERNAL,   2,   4,  2
   296, INTERNAL,   2,   4,  2
   297, INTERNAL,   2,   3,  1
   298, INTERNAL,   3,   2,  3
   301, INTERNAL,   3,   2, 36
   302, INTERNAL,   3,   2, 36
   303, INTERNAL,   3,   2, 36
   304, INTERNAL,   3,   2, 36
   305, INTERNAL,   3,   2, 36
   306, INTERNAL,   3,   2, 36
   307, INTERNAL,   3,   2, 36
   308, INTERNAL,   3,   2, 36
   309, INTERNAL,   2,   3, 29
   310, INTERNAL,   2,   2, 20
   316, INTERNAL,   2,   3, 29
   317, INTERNAL,   2,   3, 29
   318, INTERNAL,   2,   3, 29
   319, INTERNAL,   3,   2, 38
   322, INTERNAL,   2,   3, 45
   323, INTERNAL,   2,   3, 45
   324, INTERNAL,   3,   2, 36
   325, INTERNAL,   3,   2, 36
   326, INTERNAL,   3,   2, 36
   327, INTERNAL,   3,   2, 36
   328, INTERNAL,   3,   2, 36
   329, INTERNAL,   3,   2, 36
   330, INTERNAL,   3,   2, 36
   331, INTERNAL,   3,   2, 36
   332, INTERNAL,   2,   3, 17
   333, INTERNAL,   2,   3, 17
   334, INTERNAL,   2,   3, 17
   335, INTERNAL,   2,   3, 17
   336, INTERNAL,   2,   3, 19
   337, INTERNAL,   2,   3, 19
   338, INTERNAL,   2,   3, 19
   339, INTERNAL,   2,   3, 19
   340, INTERNAL,   2,   3, 19
   341, INTERNAL,   2,   3, 19
   342, INTERNAL,   3,   6,  1
   343, INTERNAL,   5,   3,  7
   344, INTERNAL,   8,   3,  1
   345, INTERNAL,   5,   3, 35
   346, INTERNAL,   5,   3,  2
   347, INTERNAL,   3,   6, 35
   348, INTERNAL,   3,  11, 23
   349, INTERNAL,   9,   3,  2
   350, INTERNAL,  10,   3,  2
   351, INTERNAL,   5,   3,  1
   352, INTERNAL,   5,   3, 38
   353, INTERNAL,   5,   3,  1
   354, INTERNAL,   5,   3,  1
   355, INTERNAL,   4,   2,  2
   356, INTERNAL,   2,   4,  1
   357, INTERNAL,   5,   4, 33
   360, INTERNAL,   5,   4, 33
   363, INTERNAL,   5,   4, 33
   366, INTERNAL,   5,   4, 33
   369, INTERNAL,   3,   3, 19
   375, INTERNAL,   4,   5, 42
   376, INTERNAL,   5,   4, 33
   379, INTERNAL,   5,   4, 33
   382, INTERNAL,   5,   4, 33
   385, INTERNAL,   5,   4, 33
   388, PO      ,   3,   5,  0
   389, PO      ,   3,   5,  0
   390, PO      ,   3,   5,  0
   391, PO      ,   3,   4,  0
   392, INTERNAL,  11,   3,  1
   393, INTERNAL,   4,   6, 34
   399, INTERNAL,   4,   6,  1
   400, INTERNAL,   2,  13, 21
   401, INTERNAL,   4,  10,  1
   402, INTERNAL,   4,  11,  1
   403, INTERNAL,   3,   5,  1
   404, INTERNAL,   5,   6, 35
   405, INTERNAL,   5,   6, 35
   406, INTERNAL,   6,   9, 28
   407, INTERNAL,   5,   6, 35
   408, INTERNAL,   5,   6, 35
   409, INTERNAL,   6,   9, 28
   410, INTERNAL,  10,   4, 31
   411, INTERNAL,   5,   6, 35
   412, INTERNAL,   5,   6, 35
   413, INTERNAL,   6,   9, 28
   414, INTERNAL,   5,   6, 35
   415, INTERNAL,   5,   6, 35
   416, INTERNAL,   6,   9, 28
   417, INTERNAL,   2,   5, 17
   418, PO      ,   4,   7,  0
   419, PO      ,   9,   4,  0
   420, PO      ,   6,   4,  0
   421, PO      ,   6,   4,  0
   422, PO      ,   6,   4,  0
   423, PO      ,   3,   5,  0
   424, INTERNAL,  14,   3, 20
   425, INTERNAL,   6,  13, 28
   426, INTERNAL,   6,  13, 28
   427, INTERNAL,   2,  10, 31
   432, INTERNAL,   2,  12, 31
   437, INTERNAL,  12,   2, 29
   442, INTERNAL,  14,   2, 33
   443, INTERNAL,  10,   2, 30
   444, INTERNAL,   6,  13, 28
   445, INTERNAL,   6,  13, 28
   446, PO      ,  12,   4,  0
   447, PO      ,   5,   7,  0
   448, PO      ,   5,  11,  0
   449, PO      ,   5,  12,  0
   450, PO      ,   4,   6,  0
   451, INTERNAL,   4,  15, 19
   460, INTERNAL,  10,  13, 21
   463, INTERNAL,  10,  13, 21
   466, INTERNAL,   7,  11, 28
   475, INTERNAL,   2,  12, 29
   476, INTERNAL,   3,  15, 28
   477, INTERNAL,   2,  12, 29
   478, INTERNAL,   3,  15, 28
   479, INTERNAL,   2,  12, 29
   480, INTERNAL,   3,  15, 28
   481, INTERNAL,   2,  12, 29
   482, INTERNAL,   3,  15, 28
   483, INTERNAL,   4,   2, 28
   488, INTERNAL,  16,   3, 25
   489, INTERNAL,  16,   3, 27
   490, INTERNAL,  16,   3, 27
   491, INTERNAL,  16,   3, 27
   492, INTERNAL,  10,  13, 21
   495, INTERNAL,  10,  13, 21
   498, INTERNAL,  15,   2, 19
   499, INTERNAL,  12,   2, 19
   500, INTERNAL,  15,   2, 19
   501, INTERNAL,  12,   2, 19
   502, INTERNAL,   2,  13, 29
   503, INTERNAL,  13,   6, 25
   504, INTERNAL,   2,  13, 29
   505, INTERNAL,  13,   6, 25
   506, INTERNAL,   2,  13, 29
   507, INTERNAL,  13,   6, 25
   508, INTERNAL,   2,  13, 29
   509, INTERNAL,  13,   6, 25
   510, INTERNAL,   2,   4, 26
   511, INTERNAL,   2,  13, 26
   512, INTERNAL,   2,   4, 28
   513, INTERNAL,   2,  13, 28
   514, INTERNAL,   2,   4, 28
   515, INTERNAL,   2,  13, 28
   516, INTERNAL,   2,   4, 28
   517, INTERNAL,   2,  13, 28
   518, INTERNAL,  15,   2, 19
   519, INTERNAL,  12,   2, 19
   520, INTERNAL,  15,   2, 19
   521, INTERNAL,  12,   2, 19
   522, INTERNAL,   2,  17, 17
   523, INTERNAL,   2,  17, 17
   524, INTERNAL,   2,  17, 17
   525, INTERNAL,   2,  17, 17
   526, INTERNAL,   2,  17, 17
   527, INTERNAL,  17,   2, 19
   528, INTERNAL,  17,   2, 19
   529, INTERNAL,  17,   2, 19
   530, INTERNAL,   5,  13, 16
   533, INTERNAL,   5,  13, 16
   536, INTERNAL,   4,   5, 26
   537, INTERNAL,   4,   5, 26
   538, INTERNAL,   4,   5, 26
   539, INTERNAL,   4,   5, 26
   540, INTERNAL,   5,   5, 23
   541, INTERNAL,   5,   5, 25
   542, INTERNAL,   5,   5, 25
   543, INTERNAL,   5,   5, 25
   544, INTERNAL,   5,  13, 16
   547, INTERNAL,   5,  13, 16
   550, INTERNAL,  14,   6, 15
   551, INTERNAL,  14,   6, 15
   552, INTERNAL,   6,  27, 17
   553, INTERNAL,  12,   5, 19
   557, INTERNAL,  12,   5, 19
   561, INTERNAL,  12,   5, 19
   565, INTERNAL,  12,   5, 19
   569, INTERNAL,   9,   6, 19
   573, INTERNAL,   9,   6, 21
   577, INTERNAL,   9,   6, 21
   581, INTERNAL,   9,   6, 21
   585, INTERNAL,  14,   6, 15
   586, INTERNAL,  14,   6, 15
   587, INTERNAL,   6,  27, 17
   588, INTERNAL,  15,  13,  8
   589, INTERNAL,  15,  13,  8
   590, INTERNAL,   7,   2, 20
   593, INTERNAL,  14,   2, 18
   596, INTERNAL,   2,   7, 17
   597, INTERNAL,   7,   2, 20
   600, INTERNAL,  14,   2, 22
   605, INTERNAL,   2,   7, 17
   606, INTERNAL,   7,   2, 20
   609, INTERNAL,  14,   2, 22
   615, INTERNAL,   2,   7, 17
   616, INTERNAL,   7,   2, 20
   619, INTERNAL,  14,   2, 22
   624, INTERNAL,   2,   7, 17
   625, INTERNAL,   8,   2, 20
   628, INTERNAL,  11,   2, 22
   631, INTERNAL,   2,   8, 17
   632, INTERNAL,   8,   2, 22
   635, INTERNAL,  11,   2, 24
   640, INTERNAL,   2,   8, 19
   641, INTERNAL,   8,   2, 22
   644, INTERNAL,  11,   2, 24
   650, INTERNAL,   2,   8, 19
   651, INTERNAL,   8,   2, 22
   654, INTERNAL,  11,   2, 24
   659, INTERNAL,   2,   8, 19
   660, INTERNAL,  14,  22,  1
   661, INTERNAL,  14,  22,  1
   662, INTERNAL,   3,   8, 19
   665, INTERNAL,   8,   5, 19
   669, INTERNAL,   8,   5, 14
   670, INTERNAL,   3,   8, 19
   673, INTERNAL,   8,   5, 19
   677, INTERNAL,   8,   5, 14
   678, INTERNAL,   3,   8, 19
   682, INTERNAL,   8,   5, 19
   686, INTERNAL,   8,   5, 14
   687, INTERNAL,   3,   8, 19
   692, INTERNAL,   8,   5, 19
   696, INTERNAL,   8,   5, 14
   697, INTERNAL,   3,   9, 19
   700, INTERNAL,   9,   5, 19
   704, INTERNAL,   9,   5, 14
   705, INTERNAL,   3,   9, 21
   708, INTERNAL,   9,   5, 21
   712, INTERNAL,   4,   5, 16
   713, INTERNAL,   3,   9, 21
   717, INTERNAL,   9,   5, 21
   721, INTERNAL,   4,   5, 16
   722, INTERNAL,   3,   9, 21
   727, INTERNAL,   9,   5, 21
   731, INTERNAL,   4,   5, 16
   732, INTERNAL,   4,   2, 39
   733, INTERNAL,   6,   2, 43
   734, INTERNAL,   8,   2, 45
   735, INTERNAL,   9,   4, 18
   736, INTERNAL,   2,   7, 17
   737, INTERNAL,   2,  10, 17
   738, INTERNAL,   9,   4, 34
   739, INTERNAL,   2,   7, 17
   740, INTERNAL,   2,  10, 17
   741, INTERNAL,   9,   4, 52
   742, INTERNAL,   2,   7, 17
   743, INTERNAL,   2,  10, 17
   744, INTERNAL,   9,   4, 48
   745, INTERNAL,   2,   7, 17
   746, INTERNAL,   2,  10, 17
   747, INTERNAL,  10,   4, 43
   748, INTERNAL,   2,   7, 17
   749, INTERNAL,   2,  11, 17
   750, INTERNAL,  10,   4, 43
   751, INTERNAL,   2,   7, 19
   752, INTERNAL,   2,  11, 19
   753, INTERNAL,  10,   4, 41
   754, INTERNAL,   2,   7, 19
   755, INTERNAL,   2,  11, 19
   756, INTERNAL,  10,   4, 37
   757, INTERNAL,   2,  11, 24
   758, INTERNAL,   2,   7, 24
   759, INTERNAL,   2,   7, 19
   760, INTERNAL,   2,  11, 19
   761, INTERNAL,  12,   4, 41
   762, INTERNAL,  12,   4, 43
   763, INTERNAL,  14,   4, 43
   764, INTERNAL,  11,   4, 52
   765, INTERNAL,  11,   4, 34
   766, INTERNAL,  13,   4, 34
   767, PO      ,  15,  23,  0
   768, PO      ,  15,  23,  0
   769, INTERNAL,   8,   5, 14
   770, INTERNAL,   8,   5, 14
   771, INTERNAL,   8,   5, 14
   772, INTERNAL,   8,   5, 14
   773, INTERNAL,  15,   9, 32
   777, INTERNAL,   8,   5, 14
   778, INTERNAL,  11,   7, 34
   781, INTERNAL,   8,   5, 16
   782, INTERNAL,   7,   5, 34
   785, INTERNAL,   8,   5, 16
   786, INTERNAL,   8,   5, 21
   787, INTERNAL,   8,   5, 16
   788, INTERNAL,   6,  25, 30
   789, INTERNAL,  10,  15, 26
   790, INTERNAL,   6,  21, 32
   791, INTERNAL,  10,  13, 28
   792, INTERNAL,   6,  17, 30
   793, INTERNAL,   8,  11, 28
   794, INTERNAL,   2,   7, 19
   795, INTERNAL,  12,  12, 35
   796, INTERNAL,  17,  11, 30
   802, INTERNAL,  16,  17, 19
   803, INTERNAL,  14,  17, 21
   804, INTERNAL,  12,  15, 21
   805, INTERNAL,   4,   5, 16
   806, INTERNAL,   6,  26, 29
   807, INTERNAL,   9,  17, 26
   808, INTERNAL,   2,  19, 17
   809, INTERNAL,   2,  19, 19
   810, INTERNAL,   2,  17, 19
   811, INTERNAL,  18,   5,  3
   812, INTERNAL,  14,  15, 37
   813, INTERNAL,  16,  15, 41
   814, INTERNAL,  18,  15, 23
   815, INTERNAL,  28,  10, 10
   819, INTERNAL,  24,  10, 32
   822, INTERNAL,  20,  10, 32
   825, INTERNAL,  18,  16, 19
   826, INTERNAL,   4,   5, 14
   827, INTERNAL,   4,   5, 16
   828, INTERNAL,   4,   5, 16
   829, INTERNAL,   6,  19,  2
   830, INTERNAL,   6,  37, 29
   831, INTERNAL,   9,  16, 26
   832, INTERNAL,   6,  33, 29
   833, INTERNAL,   9,  16, 26
   834, INTERNAL,   6,  29, 29
   835, INTERNAL,   9,  16, 26
   836, INTERNAL,   2,  18, 17
   837, INTERNAL,  16,   5,  3
   838, INTERNAL,  18,   5,  3
   839, INTERNAL,  18,   5,  3
   840, INTERNAL,  20,   7,  1
   841, INTERNAL,  13,  15,  7
   842, INTERNAL,  17,  16, 19
   843, INTERNAL,  17,  16, 19
   844, INTERNAL,  17,  16, 19
   845, INTERNAL,   4,   5, 14
   846, INTERNAL,   6,  17,  2
   847, INTERNAL,   6,  19,  2
   848, INTERNAL,   6,  19,  2
   849, INTERNAL,  10,  20,  2
   850, PO      ,  21,   8,  0
   851, INTERNAL,   2,  18, 17
   852, INTERNAL,   2,  18, 17
   853, INTERNAL,   2,  18, 17
   854, INTERNAL,  16,   5,  3
   855, INTERNAL,  18,   7,  1
   856, INTERNAL,  20,   7,  1
   857, INTERNAL,  20,   7,  1
   858, INTERNAL,  21,  11,  1
   859, INTERNAL,   6,   5, 14
   860, INTERNAL,   4,   5, 14
   861, INTERNAL,   4,   5, 14
   862, INTERNAL,   6,  17,  2
   863, PO      ,  19,   8,  0
   864, PO      ,  21,   8,  0
   865, PO      ,  21,   8,  0
   866, PO      ,  22,  12,  0
   867, INTERNAL,  16,   7,  3
   868, INTERNAL,  16,   5,  3
   869, INTERNAL,  16,   5,  3
   870, INTERNAL,  18,   7,  1
   871, INTERNAL,   8,  17,  2
   872, INTERNAL,   6,  17,  2
   873, INTERNAL,   6,  17,  2
   874, PO      ,  19,   8,  0
   875, INTERNAL,  18,   9,  1
   876, INTERNAL,  18,   7,  1
   877, INTERNAL,  18,   7,  1
   878, PO      ,  19,  10,  0
   879, PO      ,  19,   8,  0
   880, PO      ,  19,   8,  0
