vector_id,detected_faults,total_collapsed_faults,undetected_faults,fault_coverage_percent
1,145,994,849,14.587525150905433
2,267,994,727,26.86116700201207
3,371,994,623,37.32394366197183
4,403,994,591,40.543259557344065
5,429,994,565,43.158953722334005
6,485,994,509,48.79275653923541
7,514,994,480,51.710261569416495
8,524,994,470,52.716297786720325
9,551,994,443,55.43259557344064
10,563,994,431,56.63983903420523
11,589,994,405,59.25553319919518
12,608,994,386,61.16700201207244
13,632,994,362,63.581488933601605
14,637,994,357,64.08450704225352
15,668,994,326,67.20321931589537
16,687,994,307,69.11468812877264
17,691,994,303,69.51710261569416
18,698,994,296,70.22132796780684
19,701,994,293,70.52313883299799
20,716,994,278,72.03219315895373
21,725,994,269,72.93762575452716
22,739,994,255,74.34607645875252
23,742,994,252,74.64788732394366
24,742,994,252,74.64788732394366
25,746,994,248,75.0503018108652
26,746,994,248,75.0503018108652
27,753,994,241,75.75452716297787
28,762,994,232,76.65995975855131
29,764,994,230,76.86116700201208
30,764,994,230,76.86116700201208
31,783,994,211,78.77263581488934
32,788,994,206,79.27565392354124
33,807,994,187,81.18712273641852
34,809,994,185,81.38832997987927
35,810,994,184,81.48893360160966
36,810,994,184,81.48893360160966
37,813,994,181,81.7907444668008
38,816,994,178,82.09255533199196
39,816,994,178,82.09255533199196
40,816,994,178,82.09255533199196
41,816,994,178,82.09255533199196
42,817,994,177,82.19315895372233
43,819,994,175,82.3943661971831
44,830,994,164,83.5010060362173
45,830,994,164,83.5010060362173
46,831,994,163,83.60160965794769
47,831,994,163,83.60160965794769
48,832,994,162,83.70221327967808
49,839,994,155,84.40643863179075
50,839,994,155,84.40643863179075
51,839,994,155,84.40643863179075
52,840,994,154,84.50704225352112
53,842,994,152,84.70824949698189
54,842,994,152,84.70824949698189
55,842,994,152,84.70824949698189
56,844,994,150,84.90945674044266
57,848,994,146,85.3118712273642
58,853,994,141,85.8148893360161
59,853,994,141,85.8148893360161
60,853,994,141,85.8148893360161
61,853,994,141,85.8148893360161
62,856,994,138,86.11670020120724
63,856,994,138,86.11670020120724
64,859,994,135,86.4185110663984
65,859,994,135,86.4185110663984
66,859,994,135,86.4185110663984
67,859,994,135,86.4185110663984
68,859,994,135,86.4185110663984
69,859,994,135,86.4185110663984
70,861,994,133,86.61971830985915
71,861,994,133,86.61971830985915
72,862,994,132,86.72032193158954
73,862,994,132,86.72032193158954
74,864,994,130,86.92152917505031
75,864,994,130,86.92152917505031
76,866,994,128,87.12273641851107
77,866,994,128,87.12273641851107
78,866,994,128,87.12273641851107
79,866,994,128,87.12273641851107
80,866,994,128,87.12273641851107
81,867,994,127,87.22334004024145
82,867,994,127,87.22334004024145
83,867,994,127,87.22334004024145
84,867,994,127,87.22334004024145
85,868,994,126,87.32394366197182
86,868,994,126,87.32394366197182
87,868,994,126,87.32394366197182
88,869,994,125,87.42454728370221
89,869,994,125,87.42454728370221
90,869,994,125,87.42454728370221
91,870,994,124,87.5251509054326
92,870,994,124,87.5251509054326
93,871,994,123,87.62575452716298
94,871,994,123,87.62575452716298
95,871,994,123,87.62575452716298
96,872,994,122,87.72635814889335
97,872,994,122,87.72635814889335
98,872,994,122,87.72635814889335
99,872,994,122,87.72635814889335
100,872,994,122,87.72635814889335
101,872,994,122,87.72635814889335
102,872,994,122,87.72635814889335
103,872,994,122,87.72635814889335
104,872,994,122,87.72635814889335
105,872,994,122,87.72635814889335
106,873,994,121,87.82696177062374
107,873,994,121,87.82696177062374
108,874,994,120,87.92756539235413
109,874,994,120,87.92756539235413
110,876,994,118,88.12877263581488
111,881,994,113,88.6317907444668
112,881,994,113,88.6317907444668
113,881,994,113,88.6317907444668
114,881,994,113,88.6317907444668
115,881,994,113,88.6317907444668
116,881,994,113,88.6317907444668
117,881,994,113,88.6317907444668
118,883,994,111,88.83299798792757
119,883,994,111,88.83299798792757
120,883,994,111,88.83299798792757
121,883,994,111,88.83299798792757
122,883,994,111,88.83299798792757
123,884,994,110,88.93360160965796
124,884,994,110,88.93360160965796
125,884,994,110,88.93360160965796
126,884,994,110,88.93360160965796
127,884,994,110,88.93360160965796
128,887,994,107,89.2354124748491
129,887,994,107,89.2354124748491
130,887,994,107,89.2354124748491
131,887,994,107,89.2354124748491
132,887,994,107,89.2354124748491
133,887,994,107,89.2354124748491
134,887,994,107,89.2354124748491
135,887,994,107,89.2354124748491
136,887,994,107,89.2354124748491
137,892,994,102,89.738430583501
138,892,994,102,89.738430583501
139,893,994,101,89.83903420523139
140,893,994,101,89.83903420523139
141,893,994,101,89.83903420523139
142,893,994,101,89.83903420523139
143,893,994,101,89.83903420523139
144,894,994,100,89.93963782696177
145,896,994,98,90.14084507042254
146,899,994,95,90.44265593561369
147,899,994,95,90.44265593561369
148,899,994,95,90.44265593561369
149,899,994,95,90.44265593561369
150,899,994,95,90.44265593561369
151,900,994,94,90.54325955734407
152,900,994,94,90.54325955734407
153,900,994,94,90.54325955734407
154,900,994,94,90.54325955734407
155,901,994,93,90.64386317907444
156,901,994,93,90.64386317907444
157,901,994,93,90.64386317907444
158,901,994,93,90.64386317907444
159,901,994,93,90.64386317907444
160,901,994,93,90.64386317907444
161,901,994,93,90.64386317907444
162,901,994,93,90.64386317907444
163,901,994,93,90.64386317907444
164,901,994,93,90.64386317907444
165,901,994,93,90.64386317907444
166,901,994,93,90.64386317907444
167,901,994,93,90.64386317907444
168,901,994,93,90.64386317907444
169,901,994,93,90.64386317907444
170,901,994,93,90.64386317907444
171,901,994,93,90.64386317907444
172,901,994,93,90.64386317907444
173,902,994,92,90.74446680080483
174,902,994,92,90.74446680080483
175,902,994,92,90.74446680080483
176,902,994,92,90.74446680080483
177,902,994,92,90.74446680080483
178,902,994,92,90.74446680080483
179,902,994,92,90.74446680080483
180,902,994,92,90.74446680080483
181,903,994,91,90.84507042253522
182,903,994,91,90.84507042253522
183,903,994,91,90.84507042253522
184,903,994,91,90.84507042253522
185,903,994,91,90.84507042253522
186,903,994,91,90.84507042253522
187,903,994,91,90.84507042253522
188,904,994,90,90.94567404426559
189,904,994,90,90.94567404426559
190,904,994,90,90.94567404426559
191,904,994,90,90.94567404426559
192,904,994,90,90.94567404426559
193,904,994,90,90.94567404426559
194,904,994,90,90.94567404426559
195,904,994,90,90.94567404426559
196,904,994,90,90.94567404426559
197,905,994,89,91.04627766599597
198,905,994,89,91.04627766599597
199,905,994,89,91.04627766599597
200,905,994,89,91.04627766599597
201,905,994,89,91.04627766599597
202,905,994,89,91.04627766599597
203,905,994,89,91.04627766599597
204,905,994,89,91.04627766599597
205,905,994,89,91.04627766599597
206,905,994,89,91.04627766599597
207,905,994,89,91.04627766599597
208,905,994,89,91.04627766599597
209,906,994,88,91.14688128772636
210,906,994,88,91.14688128772636
211,907,994,87,91.24748490945674
212,907,994,87,91.24748490945674
213,907,994,87,91.24748490945674
214,907,994,87,91.24748490945674
215,907,994,87,91.24748490945674
216,907,994,87,91.24748490945674
217,907,994,87,91.24748490945674
218,907,994,87,91.24748490945674
219,907,994,87,91.24748490945674
220,907,994,87,91.24748490945674
221,907,994,87,91.24748490945674
222,907,994,87,91.24748490945674
223,907,994,87,91.24748490945674
224,907,994,87,91.24748490945674
225,907,994,87,91.24748490945674
226,907,994,87,91.24748490945674
227,907,994,87,91.24748490945674
228,907,994,87,91.24748490945674
229,908,994,86,91.34808853118712
230,908,994,86,91.34808853118712
231,908,994,86,91.34808853118712
232,908,994,86,91.34808853118712
233,908,994,86,91.34808853118712
234,908,994,86,91.34808853118712
235,908,994,86,91.34808853118712
236,908,994,86,91.34808853118712
237,908,994,86,91.34808853118712
238,908,994,86,91.34808853118712
239,908,994,86,91.34808853118712
240,908,994,86,91.34808853118712
241,908,994,86,91.34808853118712
242,908,994,86,91.34808853118712
243,909,994,85,91.44869215291752
244,909,994,85,91.44869215291752
245,909,994,85,91.44869215291752
246,909,994,85,91.44869215291752
247,909,994,85,91.44869215291752
248,909,994,85,91.44869215291752
249,909,994,85,91.44869215291752
250,909,994,85,91.44869215291752
251,910,994,84,91.54929577464789
252,910,994,84,91.54929577464789
253,911,994,83,91.64989939637826
254,911,994,83,91.64989939637826
255,911,994,83,91.64989939637826
256,911,994,83,91.64989939637826
257,911,994,83,91.64989939637826
258,911,994,83,91.64989939637826
259,911,994,83,91.64989939637826
260,911,994,83,91.64989939637826
261,911,994,83,91.64989939637826
262,911,994,83,91.64989939637826
263,911,994,83,91.64989939637826
264,911,994,83,91.64989939637826
265,911,994,83,91.64989939637826
266,911,994,83,91.64989939637826
267,911,994,83,91.64989939637826
268,911,994,83,91.64989939637826
269,911,994,83,91.64989939637826
270,911,994,83,91.64989939637826
271,911,994,83,91.64989939637826
272,911,994,83,91.64989939637826
273,911,994,83,91.64989939637826
274,911,994,83,91.64989939637826
275,911,994,83,91.64989939637826
276,911,994,83,91.64989939637826
277,911,994,83,91.64989939637826
278,911,994,83,91.64989939637826
279,911,994,83,91.64989939637826
280,911,994,83,91.64989939637826
281,911,994,83,91.64989939637826
282,911,994,83,91.64989939637826
283,911,994,83,91.64989939637826
284,911,994,83,91.64989939637826
285,911,994,83,91.64989939637826
286,911,994,83,91.64989939637826
287,911,994,83,91.64989939637826
288,911,994,83,91.64989939637826
289,911,994,83,91.64989939637826
290,911,994,83,91.64989939637826
291,911,994,83,91.64989939637826
292,911,994,83,91.64989939637826
293,911,994,83,91.64989939637826
294,911,994,83,91.64989939637826
295,911,994,83,91.64989939637826
296,911,994,83,91.64989939637826
297,911,994,83,91.64989939637826
298,911,994,83,91.64989939637826
299,911,994,83,91.64989939637826
300,911,994,83,91.64989939637826
301,911,994,83,91.64989939637826
302,911,994,83,91.64989939637826
303,911,994,83,91.64989939637826
304,911,994,83,91.64989939637826
305,911,994,83,91.64989939637826
306,911,994,83,91.64989939637826
307,911,994,83,91.64989939637826
308,911,994,83,91.64989939637826
309,911,994,83,91.64989939637826
310,911,994,83,91.64989939637826
311,911,994,83,91.64989939637826
312,911,994,83,91.64989939637826
313,911,994,83,91.64989939637826
314,911,994,83,91.64989939637826
315,911,994,83,91.64989939637826
316,911,994,83,91.64989939637826
317,911,994,83,91.64989939637826
318,911,994,83,91.64989939637826
319,911,994,83,91.64989939637826
320,911,994,83,91.64989939637826
321,911,994,83,91.64989939637826
322,911,994,83,91.64989939637826
323,911,994,83,91.64989939637826
324,911,994,83,91.64989939637826
325,911,994,83,91.64989939637826
326,911,994,83,91.64989939637826
327,911,994,83,91.64989939637826
328,911,994,83,91.64989939637826
329,911,994,83,91.64989939637826
330,911,994,83,91.64989939637826
331,911,994,83,91.64989939637826
332,911,994,83,91.64989939637826
333,911,994,83,91.64989939637826
334,911,994,83,91.64989939637826
335,911,994,83,91.64989939637826
336,911,994,83,91.64989939637826
337,911,994,83,91.64989939637826
338,911,994,83,91.64989939637826
339,911,994,83,91.64989939637826
340,911,994,83,91.64989939637826
341,911,994,83,91.64989939637826
342,911,994,83,91.64989939637826
343,911,994,83,91.64989939637826
344,911,994,83,91.64989939637826
345,911,994,83,91.64989939637826
346,911,994,83,91.64989939637826
347,911,994,83,91.64989939637826
348,911,994,83,91.64989939637826
349,911,994,83,91.64989939637826
350,911,994,83,91.64989939637826
351,911,994,83,91.64989939637826
352,911,994,83,91.64989939637826
353,911,994,83,91.64989939637826
354,911,994,83,91.64989939637826
355,911,994,83,91.64989939637826
356,911,994,83,91.64989939637826
357,911,994,83,91.64989939637826
358,911,994,83,91.64989939637826
359,911,994,83,91.64989939637826
360,911,994,83,91.64989939637826
361,911,994,83,91.64989939637826
362,911,994,83,91.64989939637826
363,911,994,83,91.64989939637826
364,911,994,83,91.64989939637826
365,911,994,83,91.64989939637826
366,911,994,83,91.64989939637826
367,911,994,83,91.64989939637826
368,911,994,83,91.64989939637826
369,911,994,83,91.64989939637826
370,911,994,83,91.64989939637826
371,911,994,83,91.64989939637826
372,911,994,83,91.64989939637826
373,911,994,83,91.64989939637826
374,911,994,83,91.64989939637826
375,911,994,83,91.64989939637826
376,911,994,83,91.64989939637826
377,911,994,83,91.64989939637826
378,911,994,83,91.64989939637826
379,911,994,83,91.64989939637826
380,911,994,83,91.64989939637826
381,911,994,83,91.64989939637826
382,911,994,83,91.64989939637826
383,911,994,83,91.64989939637826
384,911,994,83,91.64989939637826
385,911,994,83,91.64989939637826
386,911,994,83,91.64989939637826
387,911,994,83,91.64989939637826
388,911,994,83,91.64989939637826
389,911,994,83,91.64989939637826
390,911,994,83,91.64989939637826
391,911,994,83,91.64989939637826
392,911,994,83,91.64989939637826
393,911,994,83,91.64989939637826
394,911,994,83,91.64989939637826
395,913,994,81,91.85110663983903
396,913,994,81,91.85110663983903
397,913,994,81,91.85110663983903
398,913,994,81,91.85110663983903
399,914,994,80,91.95171026156942
400,914,994,80,91.95171026156942
401,914,994,80,91.95171026156942
402,914,994,80,91.95171026156942
403,914,994,80,91.95171026156942
404,914,994,80,91.95171026156942
405,914,994,80,91.95171026156942
406,914,994,80,91.95171026156942
407,914,994,80,91.95171026156942
408,914,994,80,91.95171026156942
409,914,994,80,91.95171026156942
410,914,994,80,91.95171026156942
411,914,994,80,91.95171026156942
412,914,994,80,91.95171026156942
413,914,994,80,91.95171026156942
414,914,994,80,91.95171026156942
415,914,994,80,91.95171026156942
416,914,994,80,91.95171026156942
417,914,994,80,91.95171026156942
418,914,994,80,91.95171026156942
419,914,994,80,91.95171026156942
420,914,994,80,91.95171026156942
421,914,994,80,91.95171026156942
422,914,994,80,91.95171026156942
423,914,994,80,91.95171026156942
424,914,994,80,91.95171026156942
425,914,994,80,91.95171026156942
426,914,994,80,91.95171026156942
427,914,994,80,91.95171026156942
428,914,994,80,91.95171026156942
429,914,994,80,91.95171026156942
430,914,994,80,91.95171026156942
431,914,994,80,91.95171026156942
432,914,994,80,91.95171026156942
433,914,994,80,91.95171026156942
434,914,994,80,91.95171026156942
435,914,994,80,91.95171026156942
436,914,994,80,91.95171026156942
437,914,994,80,91.95171026156942
438,914,994,80,91.95171026156942
439,914,994,80,91.95171026156942
440,914,994,80,91.95171026156942
441,914,994,80,91.95171026156942
442,914,994,80,91.95171026156942
443,914,994,80,91.95171026156942
444,914,994,80,91.95171026156942
445,914,994,80,91.95171026156942
446,914,994,80,91.95171026156942
447,914,994,80,91.95171026156942
448,914,994,80,91.95171026156942
449,914,994,80,91.95171026156942
450,914,994,80,91.95171026156942
451,914,994,80,91.95171026156942
452,914,994,80,91.95171026156942
453,914,994,80,91.95171026156942
454,914,994,80,91.95171026156942
455,914,994,80,91.95171026156942
456,914,994,80,91.95171026156942
457,914,994,80,91.95171026156942
458,914,994,80,91.95171026156942
459,914,994,80,91.95171026156942
460,914,994,80,91.95171026156942
461,914,994,80,91.95171026156942
462,914,994,80,91.95171026156942
463,914,994,80,91.95171026156942
464,914,994,80,91.95171026156942
465,914,994,80,91.95171026156942
466,914,994,80,91.95171026156942
467,914,994,80,91.95171026156942
468,914,994,80,91.95171026156942
469,914,994,80,91.95171026156942
470,914,994,80,91.95171026156942
471,914,994,80,91.95171026156942
472,914,994,80,91.95171026156942
473,914,994,80,91.95171026156942
474,914,994,80,91.95171026156942
475,914,994,80,91.95171026156942
476,914,994,80,91.95171026156942
477,914,994,80,91.95171026156942
478,914,994,80,91.95171026156942
479,914,994,80,91.95171026156942
480,914,994,80,91.95171026156942
481,915,994,79,92.0523138832998
482,915,994,79,92.0523138832998
483,915,994,79,92.0523138832998
484,915,994,79,92.0523138832998
485,915,994,79,92.0523138832998
486,915,994,79,92.0523138832998
487,915,994,79,92.0523138832998
488,915,994,79,92.0523138832998
489,915,994,79,92.0523138832998
490,915,994,79,92.0523138832998
491,915,994,79,92.0523138832998
492,915,994,79,92.0523138832998
493,915,994,79,92.0523138832998
494,915,994,79,92.0523138832998
495,915,994,79,92.0523138832998
496,915,994,79,92.0523138832998
497,915,994,79,92.0523138832998
498,915,994,79,92.0523138832998
499,915,994,79,92.0523138832998
500,915,994,79,92.0523138832998
501,915,994,79,92.0523138832998
502,915,994,79,92.0523138832998
503,915,994,79,92.0523138832998
504,915,994,79,92.0523138832998
505,915,994,79,92.0523138832998
506,915,994,79,92.0523138832998
507,915,994,79,92.0523138832998
508,915,994,79,92.0523138832998
509,915,994,79,92.0523138832998
510,915,994,79,92.0523138832998
511,915,994,79,92.0523138832998
512,915,994,79,92.0523138832998
513,915,994,79,92.0523138832998
514,915,994,79,92.0523138832998
515,915,994,79,92.0523138832998
516,915,994,79,92.0523138832998
517,915,994,79,92.0523138832998
518,915,994,79,92.0523138832998
519,915,994,79,92.0523138832998
520,918,994,76,92.35412474849095
521,918,994,76,92.35412474849095
522,918,994,76,92.35412474849095
523,918,994,76,92.35412474849095
524,918,994,76,92.35412474849095
525,918,994,76,92.35412474849095
526,918,994,76,92.35412474849095
527,918,994,76,92.35412474849095
528,918,994,76,92.35412474849095
529,918,994,76,92.35412474849095
530,918,994,76,92.35412474849095
531,918,994,76,92.35412474849095
532,918,994,76,92.35412474849095
533,918,994,76,92.35412474849095
534,918,994,76,92.35412474849095
535,918,994,76,92.35412474849095
536,918,994,76,92.35412474849095
537,918,994,76,92.35412474849095
538,918,994,76,92.35412474849095
539,918,994,76,92.35412474849095
540,918,994,76,92.35412474849095
541,918,994,76,92.35412474849095
542,918,994,76,92.35412474849095
543,918,994,76,92.35412474849095
544,918,994,76,92.35412474849095
545,918,994,76,92.35412474849095
546,918,994,76,92.35412474849095
547,918,994,76,92.35412474849095
548,918,994,76,92.35412474849095
549,918,994,76,92.35412474849095
550,918,994,76,92.35412474849095
551,918,994,76,92.35412474849095
552,918,994,76,92.35412474849095
553,918,994,76,92.35412474849095
554,918,994,76,92.35412474849095
555,918,994,76,92.35412474849095
556,918,994,76,92.35412474849095
557,918,994,76,92.35412474849095
558,918,994,76,92.35412474849095
559,918,994,76,92.35412474849095
560,918,994,76,92.35412474849095
561,918,994,76,92.35412474849095
562,918,994,76,92.35412474849095
563,918,994,76,92.35412474849095
564,918,994,76,92.35412474849095
565,918,994,76,92.35412474849095
566,918,994,76,92.35412474849095
567,918,994,76,92.35412474849095
568,918,994,76,92.35412474849095
569,918,994,76,92.35412474849095
570,918,994,76,92.35412474849095
571,918,994,76,92.35412474849095
572,918,994,76,92.35412474849095
573,918,994,76,92.35412474849095
574,918,994,76,92.35412474849095
575,918,994,76,92.35412474849095
576,918,994,76,92.35412474849095
577,918,994,76,92.35412474849095
578,918,994,76,92.35412474849095
579,918,994,76,92.35412474849095
580,918,994,76,92.35412474849095
581,918,994,76,92.35412474849095
582,918,994,76,92.35412474849095
583,918,994,76,92.35412474849095
584,918,994,76,92.35412474849095
585,918,994,76,92.35412474849095
586,918,994,76,92.35412474849095
587,918,994,76,92.35412474849095
588,918,994,76,92.35412474849095
589,918,994,76,92.35412474849095
590,918,994,76,92.35412474849095
591,918,994,76,92.35412474849095
592,918,994,76,92.35412474849095
593,918,994,76,92.35412474849095
594,918,994,76,92.35412474849095
595,918,994,76,92.35412474849095
596,918,994,76,92.35412474849095
597,918,994,76,92.35412474849095
598,918,994,76,92.35412474849095
599,918,994,76,92.35412474849095
600,918,994,76,92.35412474849095
601,918,994,76,92.35412474849095
602,918,994,76,92.35412474849095
603,918,994,76,92.35412474849095
604,918,994,76,92.35412474849095
605,918,994,76,92.35412474849095
606,918,994,76,92.35412474849095
607,918,994,76,92.35412474849095
608,918,994,76,92.35412474849095
609,918,994,76,92.35412474849095
610,918,994,76,92.35412474849095
611,918,994,76,92.35412474849095
612,918,994,76,92.35412474849095
613,918,994,76,92.35412474849095
614,918,994,76,92.35412474849095
615,918,994,76,92.35412474849095
616,918,994,76,92.35412474849095
617,918,994,76,92.35412474849095
618,918,994,76,92.35412474849095
619,918,994,76,92.35412474849095
620,918,994,76,92.35412474849095
621,918,994,76,92.35412474849095
622,918,994,76,92.35412474849095
623,918,994,76,92.35412474849095
624,918,994,76,92.35412474849095
625,918,994,76,92.35412474849095
626,918,994,76,92.35412474849095
627,918,994,76,92.35412474849095
628,918,994,76,92.35412474849095
629,918,994,76,92.35412474849095
630,918,994,76,92.35412474849095
631,918,994,76,92.35412474849095
632,918,994,76,92.35412474849095
633,918,994,76,92.35412474849095
634,918,994,76,92.35412474849095
635,918,994,76,92.35412474849095
636,918,994,76,92.35412474849095
637,918,994,76,92.35412474849095
638,918,994,76,92.35412474849095
639,918,994,76,92.35412474849095
640,918,994,76,92.35412474849095
641,918,994,76,92.35412474849095
642,918,994,76,92.35412474849095
643,918,994,76,92.35412474849095
644,918,994,76,92.35412474849095
645,918,994,76,92.35412474849095
646,918,994,76,92.35412474849095
647,918,994,76,92.35412474849095
648,918,994,76,92.35412474849095
649,918,994,76,92.35412474849095
650,918,994,76,92.35412474849095
651,918,994,76,92.35412474849095
652,918,994,76,92.35412474849095
653,918,994,76,92.35412474849095
654,918,994,76,92.35412474849095
655,918,994,76,92.35412474849095
656,918,994,76,92.35412474849095
657,918,994,76,92.35412474849095
658,918,994,76,92.35412474849095
659,918,994,76,92.35412474849095
660,918,994,76,92.35412474849095
661,918,994,76,92.35412474849095
662,918,994,76,92.35412474849095
663,918,994,76,92.35412474849095
664,918,994,76,92.35412474849095
665,918,994,76,92.35412474849095
666,918,994,76,92.35412474849095
667,918,994,76,92.35412474849095
668,918,994,76,92.35412474849095
669,918,994,76,92.35412474849095
670,918,994,76,92.35412474849095
671,918,994,76,92.35412474849095
672,918,994,76,92.35412474849095
673,918,994,76,92.35412474849095
674,918,994,76,92.35412474849095
675,918,994,76,92.35412474849095
676,918,994,76,92.35412474849095
677,918,994,76,92.35412474849095
678,918,994,76,92.35412474849095
679,918,994,76,92.35412474849095
680,918,994,76,92.35412474849095
681,918,994,76,92.35412474849095
682,918,994,76,92.35412474849095
683,918,994,76,92.35412474849095
684,918,994,76,92.35412474849095
685,918,994,76,92.35412474849095
686,918,994,76,92.35412474849095
687,918,994,76,92.35412474849095
688,918,994,76,92.35412474849095
689,918,994,76,92.35412474849095
690,918,994,76,92.35412474849095
691,918,994,76,92.35412474849095
692,918,994,76,92.35412474849095
693,918,994,76,92.35412474849095
694,918,994,76,92.35412474849095
695,918,994,76,92.35412474849095
696,918,994,76,92.35412474849095
697,918,994,76,92.35412474849095
698,918,994,76,92.35412474849095
699,918,994,76,92.35412474849095
700,918,994,76,92.35412474849095
701,918,994,76,92.35412474849095
702,918,994,76,92.35412474849095
703,918,994,76,92.35412474849095
704,918,994,76,92.35412474849095
705,918,994,76,92.35412474849095
706,918,994,76,92.35412474849095
707,918,994,76,92.35412474849095
708,918,994,76,92.35412474849095
709,918,994,76,92.35412474849095
710,918,994,76,92.35412474849095
711,918,994,76,92.35412474849095
712,918,994,76,92.35412474849095
713,918,994,76,92.35412474849095
714,918,994,76,92.35412474849095
715,918,994,76,92.35412474849095
716,918,994,76,92.35412474849095
717,918,994,76,92.35412474849095
718,918,994,76,92.35412474849095
719,918,994,76,92.35412474849095
720,918,994,76,92.35412474849095
721,918,994,76,92.35412474849095
722,918,994,76,92.35412474849095
723,918,994,76,92.35412474849095
724,918,994,76,92.35412474849095
725,918,994,76,92.35412474849095
726,918,994,76,92.35412474849095
727,918,994,76,92.35412474849095
728,918,994,76,92.35412474849095
729,918,994,76,92.35412474849095
730,918,994,76,92.35412474849095
731,918,994,76,92.35412474849095
732,918,994,76,92.35412474849095
733,918,994,76,92.35412474849095
734,918,994,76,92.35412474849095
735,918,994,76,92.35412474849095
736,918,994,76,92.35412474849095
737,918,994,76,92.35412474849095
738,918,994,76,92.35412474849095
739,918,994,76,92.35412474849095
740,918,994,76,92.35412474849095
741,918,994,76,92.35412474849095
742,918,994,76,92.35412474849095
743,918,994,76,92.35412474849095
744,918,994,76,92.35412474849095
745,918,994,76,92.35412474849095
746,918,994,76,92.35412474849095
747,918,994,76,92.35412474849095
748,919,994,75,92.45472837022133
749,919,994,75,92.45472837022133
750,919,994,75,92.45472837022133
751,919,994,75,92.45472837022133
752,919,994,75,92.45472837022133
753,919,994,75,92.45472837022133
754,919,994,75,92.45472837022133
755,919,994,75,92.45472837022133
756,919,994,75,92.45472837022133
757,919,994,75,92.45472837022133
758,919,994,75,92.45472837022133
759,919,994,75,92.45472837022133
760,919,994,75,92.45472837022133
761,919,994,75,92.45472837022133
762,919,994,75,92.45472837022133
763,919,994,75,92.45472837022133
764,919,994,75,92.45472837022133
765,919,994,75,92.45472837022133
766,919,994,75,92.45472837022133
767,919,994,75,92.45472837022133
768,919,994,75,92.45472837022133
769,919,994,75,92.45472837022133
770,919,994,75,92.45472837022133
771,919,994,75,92.45472837022133
772,919,994,75,92.45472837022133
773,919,994,75,92.45472837022133
774,919,994,75,92.45472837022133
775,919,994,75,92.45472837022133
776,919,994,75,92.45472837022133
777,919,994,75,92.45472837022133
778,919,994,75,92.45472837022133
779,919,994,75,92.45472837022133
780,919,994,75,92.45472837022133
781,919,994,75,92.45472837022133
782,919,994,75,92.45472837022133
783,920,994,74,92.5553319919517
784,920,994,74,92.5553319919517
785,920,994,74,92.5553319919517
786,920,994,74,92.5553319919517
787,920,994,74,92.5553319919517
788,920,994,74,92.5553319919517
789,920,994,74,92.5553319919517
790,920,994,74,92.5553319919517
791,920,994,74,92.5553319919517
792,920,994,74,92.5553319919517
793,920,994,74,92.5553319919517
794,920,994,74,92.5553319919517
795,920,994,74,92.5553319919517
796,920,994,74,92.5553319919517
797,920,994,74,92.5553319919517
798,920,994,74,92.5553319919517
799,920,994,74,92.5553319919517
800,920,994,74,92.5553319919517
801,920,994,74,92.5553319919517
802,920,994,74,92.5553319919517
803,920,994,74,92.5553319919517
804,920,994,74,92.5553319919517
805,920,994,74,92.5553319919517
806,920,994,74,92.5553319919517
807,920,994,74,92.5553319919517
808,920,994,74,92.5553319919517
809,920,994,74,92.5553319919517
810,920,994,74,92.5553319919517
811,920,994,74,92.5553319919517
812,920,994,74,92.5553319919517
813,920,994,74,92.5553319919517
814,920,994,74,92.5553319919517
815,920,994,74,92.5553319919517
816,920,994,74,92.5553319919517
817,920,994,74,92.5553319919517
818,920,994,74,92.5553319919517
819,920,994,74,92.5553319919517
820,920,994,74,92.5553319919517
821,920,994,74,92.5553319919517
822,920,994,74,92.5553319919517
823,920,994,74,92.5553319919517
824,920,994,74,92.5553319919517
825,920,994,74,92.5553319919517
826,920,994,74,92.5553319919517
827,920,994,74,92.5553319919517
828,920,994,74,92.5553319919517
829,920,994,74,92.5553319919517
830,920,994,74,92.5553319919517
831,920,994,74,92.5553319919517
832,920,994,74,92.5553319919517
833,920,994,74,92.5553319919517
834,920,994,74,92.5553319919517
835,920,994,74,92.5553319919517
836,920,994,74,92.5553319919517
837,920,994,74,92.5553319919517
838,920,994,74,92.5553319919517
839,920,994,74,92.5553319919517
840,920,994,74,92.5553319919517
841,920,994,74,92.5553319919517
842,920,994,74,92.5553319919517
843,920,994,74,92.5553319919517
844,920,994,74,92.5553319919517
845,920,994,74,92.5553319919517
846,920,994,74,92.5553319919517
847,920,994,74,92.5553319919517
848,920,994,74,92.5553319919517
849,920,994,74,92.5553319919517
850,920,994,74,92.5553319919517
851,920,994,74,92.5553319919517
852,920,994,74,92.5553319919517
853,920,994,74,92.5553319919517
854,920,994,74,92.5553319919517
855,920,994,74,92.5553319919517
856,920,994,74,92.5553319919517
857,920,994,74,92.5553319919517
858,920,994,74,92.5553319919517
859,920,994,74,92.5553319919517
860,920,994,74,92.5553319919517
861,920,994,74,92.5553319919517
862,920,994,74,92.5553319919517
863,920,994,74,92.5553319919517
864,920,994,74,92.5553319919517
865,920,994,74,92.5553319919517
866,920,994,74,92.5553319919517
867,920,994,74,92.5553319919517
868,920,994,74,92.5553319919517
869,920,994,74,92.5553319919517
870,920,994,74,92.5553319919517
871,920,994,74,92.5553319919517
872,920,994,74,92.5553319919517
873,920,994,74,92.5553319919517
874,920,994,74,92.5553319919517
875,920,994,74,92.5553319919517
876,920,994,74,92.5553319919517
877,920,994,74,92.5553319919517
878,920,994,74,92.5553319919517
879,920,994,74,92.5553319919517
880,920,994,74,92.5553319919517
881,920,994,74,92.5553319919517
882,920,994,74,92.5553319919517
883,920,994,74,92.5553319919517
884,920,994,74,92.5553319919517
885,920,994,74,92.5553319919517
886,920,994,74,92.5553319919517
887,920,994,74,92.5553319919517
888,920,994,74,92.5553319919517
889,920,994,74,92.5553319919517
890,920,994,74,92.5553319919517
891,920,994,74,92.5553319919517
892,920,994,74,92.5553319919517
893,920,994,74,92.5553319919517
894,920,994,74,92.5553319919517
895,920,994,74,92.5553319919517
896,920,994,74,92.5553319919517
897,920,994,74,92.5553319919517
898,920,994,74,92.5553319919517
899,920,994,74,92.5553319919517
900,920,994,74,92.5553319919517
901,920,994,74,92.5553319919517
902,920,994,74,92.5553319919517
903,920,994,74,92.5553319919517
904,920,994,74,92.5553319919517
905,920,994,74,92.5553319919517
906,920,994,74,92.5553319919517
907,920,994,74,92.5553319919517
908,920,994,74,92.5553319919517
909,920,994,74,92.5553319919517
910,920,994,74,92.5553319919517
911,920,994,74,92.5553319919517
912,920,994,74,92.5553319919517
913,920,994,74,92.5553319919517
914,920,994,74,92.5553319919517
915,920,994,74,92.5553319919517
916,920,994,74,92.5553319919517
917,920,994,74,92.5553319919517
918,920,994,74,92.5553319919517
919,920,994,74,92.5553319919517
920,920,994,74,92.5553319919517
921,920,994,74,92.5553319919517
922,920,994,74,92.5553319919517
923,920,994,74,92.5553319919517
924,920,994,74,92.5553319919517
925,920,994,74,92.5553319919517
926,920,994,74,92.5553319919517
927,920,994,74,92.5553319919517
928,920,994,74,92.5553319919517
929,920,994,74,92.5553319919517
930,920,994,74,92.5553319919517
931,920,994,74,92.5553319919517
932,920,994,74,92.5553319919517
933,920,994,74,92.5553319919517
934,920,994,74,92.5553319919517
935,920,994,74,92.5553319919517
936,920,994,74,92.5553319919517
937,920,994,74,92.5553319919517
938,920,994,74,92.5553319919517
939,920,994,74,92.5553319919517
940,920,994,74,92.5553319919517
941,920,994,74,92.5553319919517
942,920,994,74,92.5553319919517
943,920,994,74,92.5553319919517
944,920,994,74,92.5553319919517
945,920,994,74,92.5553319919517
946,920,994,74,92.5553319919517
947,922,994,72,92.75653923541248
948,922,994,72,92.75653923541248
949,922,994,72,92.75653923541248
950,922,994,72,92.75653923541248
951,922,994,72,92.75653923541248
952,922,994,72,92.75653923541248
953,922,994,72,92.75653923541248
954,922,994,72,92.75653923541248
955,922,994,72,92.75653923541248
956,922,994,72,92.75653923541248
957,922,994,72,92.75653923541248
958,922,994,72,92.75653923541248
959,922,994,72,92.75653923541248
960,922,994,72,92.75653923541248
961,922,994,72,92.75653923541248
962,922,994,72,92.75653923541248
963,922,994,72,92.75653923541248
964,922,994,72,92.75653923541248
965,922,994,72,92.75653923541248
966,922,994,72,92.75653923541248
967,922,994,72,92.75653923541248
968,922,994,72,92.75653923541248
969,922,994,72,92.75653923541248
970,922,994,72,92.75653923541248
971,922,994,72,92.75653923541248
972,922,994,72,92.75653923541248
973,922,994,72,92.75653923541248
974,922,994,72,92.75653923541248
975,922,994,72,92.75653923541248
976,922,994,72,92.75653923541248
977,922,994,72,92.75653923541248
978,922,994,72,92.75653923541248
979,922,994,72,92.75653923541248
980,922,994,72,92.75653923541248
981,922,994,72,92.75653923541248
982,922,994,72,92.75653923541248
983,922,994,72,92.75653923541248
984,922,994,72,92.75653923541248
985,922,994,72,92.75653923541248
986,922,994,72,92.75653923541248
987,922,994,72,92.75653923541248
988,922,994,72,92.75653923541248
989,922,994,72,92.75653923541248
990,922,994,72,92.75653923541248
991,922,994,72,92.75653923541248
992,922,994,72,92.75653923541248
993,922,994,72,92.75653923541248
994,922,994,72,92.75653923541248
995,922,994,72,92.75653923541248
996,922,994,72,92.75653923541248
997,922,994,72,92.75653923541248
998,922,994,72,92.75653923541248
999,922,994,72,92.75653923541248
1000,922,994,72,92.75653923541248
1001,922,994,72,92.75653923541248
1002,922,994,72,92.75653923541248
1003,922,994,72,92.75653923541248
1004,922,994,72,92.75653923541248
1005,922,994,72,92.75653923541248
1006,922,994,72,92.75653923541248
1007,922,994,72,92.75653923541248
1008,922,994,72,92.75653923541248
1009,922,994,72,92.75653923541248
1010,922,994,72,92.75653923541248
1011,922,994,72,92.75653923541248
1012,922,994,72,92.75653923541248
1013,922,994,72,92.75653923541248
1014,922,994,72,92.75653923541248
1015,922,994,72,92.75653923541248
1016,922,994,72,92.75653923541248
1017,922,994,72,92.75653923541248
1018,922,994,72,92.75653923541248
1019,922,994,72,92.75653923541248
1020,922,994,72,92.75653923541248
1021,922,994,72,92.75653923541248
1022,922,994,72,92.75653923541248
1023,922,994,72,92.75653923541248
1024,922,994,72,92.75653923541248
