fault_id,fault,s1_detected,s1_detecting_vectors,s1_first_detected,s1_po_mismatches,s2b_detected,s2b_detecting_vectors,s2b_first_detected,s2b_po_mismatches,detection_improved,detection_lost,detecting_vector_change,po_mismatch_change
1,1->269/SA1,True,63,17.0,63,True,64,7.0,64,False,False,1,1
2,1->270/SA1,True,63,5.0,63,True,56,3.0,56,False,False,-7,-7
3,1->276/SA1,True,137,5.0,222,True,120,1.0,203,False,False,-17,-19
4,1->279/SA1,True,33,17.0,61,True,32,7.0,54,False,False,-1,-7
5,1->280/SA1,True,22,71.0,26,True,19,17.0,23,False,False,-3,-3
6,1->483/SA1,True,327,1.0,524,True,319,1.0,549,False,False,-8,25
7,1/SA0,True,392,9.0,829,True,400,11.0,837,False,False,8,8
8,1/SA1,True,410,1.0,872,True,390,1.0,849,False,False,-20,-23
9,101->303/SA1,True,249,7.0,249,True,253,9.0,253,False,False,4,4
10,101->304/SA0,True,247,6.0,247,True,249,2.0,249,False,False,2,2
11,101->334/SA1,True,111,8.0,111,True,134,6.0,134,False,False,23,23
12,101->506/SA1,True,5,144.0,6,True,10,33.0,12,False,False,5,6
13,101/SA0,True,509,2.0,659,True,481,1.0,594,False,False,-28,-65
14,101/SA1,True,515,1.0,632,True,543,6.0,689,False,False,28,57
15,106->303/SA1,True,247,6.0,247,True,249,2.0,249,False,False,2,2
16,106->304/SA0,True,249,7.0,249,True,253,9.0,253,False,False,4,4
17,106->335/SA1,True,123,6.0,123,True,121,10.0,121,False,False,-2,-2
18,106->508/SA1,True,6,137.0,6,True,14,49.0,14,False,False,8,8
19,106/SA0,True,511,2.0,647,True,485,1.0,614,False,False,-26,-33
20,106/SA1,True,513,1.0,642,True,539,2.0,674,False,False,26,32
21,111->305/SA1,True,263,5.0,263,True,265,3.0,265,False,False,2,2
22,111->306/SA0,True,236,1.0,236,True,262,11.0,262,False,False,26,26
23,111->336/SA1,True,93,5.0,93,True,91,6.0,91,False,False,-2,-2
24,111->511/SA1,True,13,56.0,18,True,11,106.0,13,False,False,-2,-5
25,111/SA0,True,514,1.0,621,True,499,1.0,601,False,False,-15,-20
26,111/SA1,True,510,5.0,621,True,525,3.0,629,False,False,15,8
27,116->305/SA1,True,236,1.0,236,True,262,11.0,262,False,False,26,26
28,116->306/SA0,True,263,5.0,263,True,265,3.0,265,False,False,2,2
29,116->338/SA1,True,91,4.0,91,True,81,12.0,81,False,False,-10,-10
30,116->513/SA1,True,9,176.0,9,True,11,49.0,11,False,False,2,2
31,116/SA0,True,541,2.0,653,True,502,1.0,606,False,False,-39,-47
32,116/SA1,True,483,1.0,583,True,522,6.0,614,False,False,39,31
33,121->307/SA1,True,265,1.0,265,True,274,2.0,274,False,False,9,9
34,121->308/SA0,True,250,4.0,250,True,255,3.0,255,False,False,5,5
35,121->340/SA1,True,96,2.0,96,True,98,1.0,98,False,False,2,2
36,121->515/SA1,True,10,39.0,10,True,12,16.0,13,False,False,2,3
37,121/SA0,True,489,4.0,588,True,503,3.0,597,False,False,14,9
38,121/SA1,True,535,1.0,641,True,521,1.0,632,False,False,-14,-9
39,126->307/SA1,True,250,4.0,250,True,255,3.0,255,False,False,5,5
40,126->308/SA0,True,265,1.0,265,True,274,2.0,274,False,False,9,9
41,126->517/SA1,True,14,39.0,15,True,10,33.0,10,False,False,-4,-5
42,126/SA0,True,504,1.0,519,True,522,2.0,531,False,False,18,12
43,126/SA1,True,520,2.0,535,True,502,1.0,512,False,False,-18,-23
44,13->269/SA1,True,58,29.0,58,True,66,9.0,66,False,False,8,8
45,13->270/SA1,True,65,21.0,65,True,56,9.0,56,False,False,-9,-9
46,13->280/SA1,True,20,13.0,25,True,18,57.0,21,False,False,-2,-4
47,13/SA0,True,91,9.0,136,True,90,12.0,126,False,False,-1,-10
48,13/SA1,True,111,13.0,148,True,105,9.0,143,False,False,-6,-5
49,130->498/SA1,True,250,7.0,250,True,255,2.0,255,False,False,5,5
50,130->499/SA0,True,276,2.0,276,True,263,6.0,263,False,False,-13,-13
51,130->518/SA1,True,226,3.0,226,True,259,2.0,259,False,False,33,33
52,130->519/SA0,True,287,5.0,287,True,256,5.0,256,False,False,-31,-31
53,130/SA0,True,552,2.0,1104,True,509,5.0,1018,False,False,-43,-86
54,130/SA1,True,472,1.0,944,True,515,1.0,1030,False,False,43,86
55,135->500/SA1,True,262,11.0,262,True,236,6.0,236,False,False,-26,-26
56,135->501/SA0,True,257,1.0,257,True,241,1.0,241,False,False,-16,-16
57,135/SA0,True,491,1.0,491,True,525,1.0,525,False,False,34,34
58,135/SA1,True,533,2.0,533,True,499,6.0,499,False,False,-34,-34
59,138->309/SA1,True,181,14.0,209,True,184,6.0,220,False,False,3,11
60,138->316/SA1,True,159,5.0,192,True,173,3.0,204,False,False,14,12
61,138->317/SA1,True,136,2.0,154,True,144,3.0,173,False,False,8,19
62,138->318/SA1,True,147,14.0,176,True,156,7.0,182,False,False,9,6
63,138/SA0,True,407,1.0,722,True,369,1.0,689,False,False,-38,-33
64,138/SA1,True,369,2.0,669,True,390,3.0,684,False,False,21,15
65,143->475/SA1,True,17,77.0,20,True,20,70.0,27,False,False,3,7
66,143->510/SA1,True,154,6.0,185,True,148,5.0,188,False,False,-6,3
67,143/SA0,True,158,1.0,182,True,155,2.0,204,False,False,-3,22
68,143/SA1,True,169,6.0,206,True,163,5.0,215,False,False,-6,9
69,146->477/SA1,True,2,114.0,2,True,5,33.0,7,False,False,3,5
70,146->512/SA1,True,121,1.0,146,True,111,2.0,135,False,False,-10,-11
71,146/SA0,True,134,21.0,152,True,125,13.0,149,False,False,-9,-3
72,146/SA1,True,123,1.0,148,True,115,2.0,142,False,False,-8,-6
73,149->479/SA1,True,10,77.0,12,True,15,23.0,18,False,False,5,6
74,149->514/SA1,True,107,8.0,124,True,114,18.0,143,False,False,7,19
75,149/SA0,True,121,1.0,132,True,125,4.0,150,False,False,4,18
76,149/SA1,True,116,8.0,136,True,126,18.0,161,False,False,10,25
77,152/SA0,True,138,10.0,152,True,134,2.0,154,False,False,-4,2
78,152/SA1,True,137,1.0,165,True,118,11.0,149,False,False,-19,-16
79,153->481/SA1,True,7,90.0,9,True,13,70.0,19,False,False,6,10
80,153->516/SA1,True,108,2.0,112,True,104,3.0,119,False,False,-4,7
81,153/SA0,True,113,1.0,132,True,116,1.0,147,False,False,3,15
82,153/SA1,True,114,2.0,121,True,116,3.0,138,False,False,2,17
83,156->319/SA1,True,11,9.0,19,True,12,15.0,23,False,False,1,4
84,156->442/SA1,True,8,102.0,18,True,11,15.0,22,False,False,3,4
85,156/SA0,True,27,39.0,54,True,18,28.0,44,False,False,-9,-10
86,156/SA1,True,15,9.0,32,True,18,15.0,35,False,False,3,3
87,159->324/SA1,True,258,5.0,258,True,242,8.0,242,False,False,-16,-16
88,159->325/SA0,True,247,10.0,247,True,295,1.0,295,False,False,48,48
89,159->522/SA1,True,3,206.0,3,False,0,,0,False,True,-3,-3
90,159->590/SA1,True,85,12.0,103,True,95,2.0,107,False,False,10,4
91,159->593/SA0,True,239,1.0,258,True,232,3.0,263,False,False,-7,5
92,159/SA0,True,509,1.0,861,True,516,1.0,883,False,False,7,22
93,159/SA1,True,515,3.0,876,True,508,2.0,865,False,False,-7,-11
94,165->324/SA1,True,247,10.0,247,True,295,1.0,295,False,False,48,48
95,165->325/SA0,True,258,5.0,258,True,242,8.0,242,False,False,-16,-16
96,165->523/SA1,True,1,206.0,1,False,0,,0,False,True,-1,-1
97,165->597/SA1,True,65,9.0,85,True,77,1.0,97,False,False,12,12
98,165->600/SA0,True,215,2.0,243,True,208,9.0,234,False,False,-7,-9
99,165/SA0,True,520,1.0,844,True,463,4.0,757,False,False,-57,-87
100,165/SA1,True,504,3.0,833,True,561,1.0,927,False,False,57,94
101,17->269/SA1,True,59,16.0,59,True,65,22.0,65,False,False,6,6
102,17->270/SA1,True,68,7.0,68,True,63,23.0,63,False,False,-5,-5
103,17->279/SA1,True,41,16.0,98,True,50,22.0,102,False,False,9,4
104,17->317/SA1,True,152,1.0,192,True,125,2.0,141,False,False,-27,-51
105,17->322/SA0,True,3,592.0,5,True,2,395.0,7,False,False,-1,2
106,17->323/SA1,True,11,38.0,27,True,9,62.0,15,False,False,-2,-12
107,17->432/SA1,True,4,878.0,8,True,6,20.0,12,False,False,2,4
108,17->443/SA1,True,25,16.0,33,True,28,108.0,41,False,False,3,8
109,17/SA0,True,232,9.0,410,True,231,9.0,412,False,False,-1,2
110,17/SA1,True,253,1.0,455,True,231,2.0,427,False,False,-22,-28
111,171->326/SA1,True,243,5.0,243,True,250,1.0,250,False,False,7,7
112,171->327/SA0,True,275,2.0,275,True,241,2.0,241,False,False,-34,-34
113,171->524/SA1,False,0,,0,False,0,,0,False,False,0,0
114,171->606/SA1,True,42,9.0,55,True,62,25.0,86,False,False,20,31
115,171->609/SA0,True,221,2.0,237,True,210,2.0,250,False,False,-11,13
116,171/SA0,True,527,2.0,842,True,519,2.0,843,False,False,-8,1
117,171/SA1,True,497,1.0,784,True,505,1.0,825,False,False,8,41
118,177->326/SA1,True,275,2.0,275,True,241,2.0,241,False,False,-34,-34
119,177->327/SA0,True,243,5.0,243,True,250,1.0,250,False,False,7,7
120,177->525/SA1,True,1,561.0,1,True,1,520.0,1,False,False,0,0
121,177->616/SA1,True,57,58.0,87,True,54,2.0,67,False,False,-3,-20
122,177->619/SA0,True,193,8.0,219,True,202,3.0,244,False,False,9,25
123,177/SA0,True,495,5.0,769,True,528,1.0,835,False,False,33,66
124,177/SA1,True,529,1.0,866,True,496,2.0,808,False,False,-33,-58
125,183->328/SA1,True,256,2.0,256,True,259,3.0,259,False,False,3,3
126,183->329/SA0,True,269,6.0,269,True,251,4.0,251,False,False,-18,-18
127,183->526/SA1,True,1,863.0,1,True,1,520.0,1,False,False,0,0
128,183->625/SA1,True,55,1.0,65,True,51,2.0,68,False,False,-4,3
129,183->628/SA0,True,183,8.0,202,True,214,15.0,234,False,False,31,32
130,183/SA0,True,507,5.0,776,True,528,4.0,841,False,False,21,65
131,183/SA1,True,517,1.0,808,True,496,1.0,797,False,False,-21,-11
132,189->328/SA1,True,269,6.0,269,True,251,4.0,251,False,False,-18,-18
133,189->329/SA0,True,256,2.0,256,True,259,3.0,259,False,False,3,3
134,189->527/SA1,True,1,206.0,1,True,1,520.0,1,False,False,0,0
135,189->632/SA1,True,41,17.0,52,True,46,31.0,64,False,False,5,12
136,189->635/SA0,True,149,8.0,165,True,174,15.0,203,False,False,25,38
137,189/SA0,True,494,2.0,714,True,536,3.0,798,False,False,42,84
138,189/SA1,True,530,1.0,743,True,488,1.0,707,False,False,-42,-36
139,195->330/SA1,True,230,9.0,230,True,244,6.0,244,False,False,14,14
140,195->331/SA0,True,258,1.0,258,True,260,4.0,260,False,False,2,2
141,195->528/SA1,False,0,,0,False,0,,0,False,False,0,0
142,195->641/SA1,True,36,9.0,45,True,40,3.0,53,False,False,4,8
143,195->644/SA0,True,143,3.0,167,True,164,11.0,189,False,False,21,22
144,195/SA0,True,530,1.0,751,True,533,1.0,763,False,False,3,12
145,195/SA1,True,494,5.0,710,True,491,3.0,712,False,False,-3,2
146,201->330/SA1,True,258,1.0,258,True,260,4.0,260,False,False,2,2
147,201->331/SA0,True,230,9.0,230,True,244,6.0,244,False,False,14,14
148,201->529/SA1,True,3,206.0,3,False,0,,0,False,True,-3,-3
149,201->651/SA1,True,44,34.0,60,True,35,144.0,48,False,False,-9,-12
150,201->654/SA0,True,150,9.0,182,True,157,10.0,192,False,False,7,10
151,201/SA0,True,502,6.0,731,True,517,1.0,761,False,False,15,30
152,201/SA1,True,522,1.0,766,True,507,3.0,743,False,False,-15,-23
153,207->520/SA1,True,221,1.0,221,True,266,5.0,266,False,False,45,45
154,207->521/SA0,True,270,2.0,270,True,221,2.0,221,False,False,-49,-49
155,207/SA0,True,542,2.0,542,True,489,2.0,489,False,False,-53,-53
156,207/SA1,True,482,1.0,482,True,535,1.0,535,False,False,53,53
157,210->332/SA1,True,123,7.0,123,True,124,7.0,124,False,False,1,1
158,210->333/SA1,True,110,1.0,110,True,128,7.0,128,False,False,18,18
159,210->334/SA1,True,104,9.0,104,True,109,31.0,109,False,False,5,5
160,210->335/SA1,True,109,7.0,109,True,117,19.0,117,False,False,8,8
161,210->336/SA1,True,82,9.0,82,True,87,19.0,87,False,False,5,5
162,210->338/SA1,True,75,17.0,75,True,95,22.0,95,False,False,20,20
163,210->340/SA1,True,85,22.0,85,True,99,3.0,99,False,False,14,14
164,210->417/SA1,True,102,7.0,102,True,142,31.0,142,False,False,40,40
165,210/SA0,True,417,2.0,940,True,367,1.0,837,False,False,-50,-103
166,210/SA1,True,370,1.0,790,True,394,3.0,901,False,False,24,111
167,219->794/SA1,True,87,3.0,87,True,110,14.0,110,False,False,23,23
168,219->808/SA1,True,93,17.0,93,True,113,7.0,113,False,False,20,20
169,219->809/SA1,True,81,5.0,81,True,80,6.0,80,False,False,-1,-1
170,219->810/SA1,True,82,4.0,82,True,83,12.0,83,False,False,1,1
171,219->836/SA1,True,110,11.0,110,True,119,7.0,119,False,False,9,9
172,219->851/SA1,True,94,17.0,94,True,102,7.0,102,False,False,8,8
173,219->852/SA1,True,97,5.0,97,True,92,18.0,92,False,False,-5,-5
174,219->853/SA1,True,97,4.0,97,True,99,38.0,99,False,False,2,2
175,219/SA0,True,355,1.0,762,True,341,1.0,718,False,False,-14,-44
176,219/SA1,True,354,3.0,741,True,381,6.0,798,False,False,27,57
177,228->736/SA1,True,107,13.0,107,True,125,7.0,125,False,False,18,18
178,228->739/SA1,True,102,5.0,102,True,113,9.0,113,False,False,11,11
179,228->742/SA1,True,91,4.0,91,True,116,31.0,116,False,False,25,25
180,228->745/SA1,True,95,8.0,95,True,132,7.0,132,False,False,37,37
181,228->748/SA1,True,109,6.0,109,True,116,7.0,116,False,False,7,7
182,228->751/SA1,True,73,5.0,73,True,86,15.0,86,False,False,13,13
183,228->754/SA1,True,82,4.0,82,True,104,18.0,104,False,False,22,22
184,228->759/SA1,True,91,28.0,91,True,103,12.0,103,False,False,12,12
185,228/SA0,True,331,1.0,744,True,304,5.0,729,False,False,-27,-15
186,228/SA1,True,326,4.0,750,True,350,7.0,895,False,False,24,145
187,237->737/SA1,True,15,100.0,15,True,18,12.0,18,False,False,3,3
188,237->740/SA1,True,15,35.0,15,True,18,13.0,18,False,False,3,3
189,237->743/SA1,True,23,29.0,23,True,16,12.0,16,False,False,-7,-7
190,237->746/SA1,True,14,34.0,14,True,21,38.0,21,False,False,7,7
191,237->749/SA1,True,13,87.0,13,True,31,49.0,31,False,False,18,18
192,237->752/SA1,True,13,133.0,13,True,23,38.0,23,False,False,10,10
193,237->755/SA1,True,15,184.0,15,True,15,31.0,15,False,False,0,0
194,237->760/SA1,True,14,133.0,14,True,21,1.0,21,False,False,7,7
195,237/SA0,True,113,6.0,178,True,117,9.0,160,False,False,4,-18
196,237/SA1,True,88,29.0,122,True,118,1.0,163,False,False,30,41
197,246->596/SA1,True,38,13.0,38,True,51,9.0,51,False,False,13,13
198,246->605/SA1,True,35,17.0,35,True,44,13.0,44,False,False,9,9
199,246->615/SA1,True,38,17.0,38,True,37,12.0,37,False,False,-1,-1
200,246->624/SA1,True,35,34.0,35,True,43,31.0,43,False,False,8,8
201,246->631/SA1,True,34,35.0,34,True,63,7.0,63,False,False,29,29
202,246->640/SA1,True,33,17.0,33,True,45,31.0,45,False,False,12,12
203,246->650/SA1,True,25,17.0,25,True,45,31.0,45,False,False,20,20
204,246->659/SA1,True,30,35.0,30,True,46,1.0,46,False,False,16,16
205,246/SA0,True,181,10.0,303,True,182,15.0,311,False,False,1,8
206,246/SA1,True,160,13.0,268,True,199,1.0,374,False,False,39,106
207,255->337/SA1,True,78,15.0,78,True,94,12.0,94,False,False,16,16
208,255->339/SA1,True,72,8.0,72,True,91,19.0,91,False,False,19,19
209,255->341/SA1,True,96,3.0,96,True,89,1.0,89,False,False,-7,-7
210,255/SA0,True,190,6.0,247,True,206,7.0,269,False,False,16,22
211,255/SA1,True,200,3.0,246,True,207,1.0,274,False,False,7,28
212,259/SA0,True,92,7.0,92,True,88,7.0,88,False,False,-4,-4
213,259/SA1,True,73,5.0,73,True,85,6.0,85,False,False,12,12
214,26->270/SA1,True,67,45.0,67,True,53,16.0,53,False,False,-14,-14
215,26->276/SA1,True,117,22.0,230,True,150,16.0,305,False,False,33,75
216,26/SA0,True,155,9.0,303,True,156,12.0,293,False,False,1,-10
217,26/SA1,True,155,22.0,297,True,171,16.0,358,False,False,16,61
218,260/SA0,True,70,10.0,70,True,83,7.0,83,False,False,13,13
219,260/SA1,True,85,7.0,85,True,81,22.0,81,False,False,-4,-4
220,261->732/SA1,True,50,16.0,50,True,43,25.0,43,False,False,-7,-7
221,261->733/SA1,True,18,9.0,18,True,30,27.0,30,False,False,12,12
222,261->734/SA1,True,17,78.0,22,True,31,27.0,41,False,False,14,19
223,261->757/SA0,True,51,19.0,51,True,58,11.0,58,False,False,7,7
224,261->758/SA1,True,31,44.0,31,True,31,43.0,31,False,False,0,0
225,261/SA0,True,116,8.0,154,True,129,11.0,175,False,False,13,21
226,261/SA1,True,137,9.0,180,True,139,1.0,197,False,False,2,17
227,267/SA0,True,85,6.0,85,True,98,7.0,98,False,False,13,13
228,267/SA1,True,80,24.0,80,True,92,3.0,92,False,False,12,12
229,268/SA0,True,140,3.0,146,True,123,1.0,128,False,False,-17,-18
230,268/SA1,True,131,4.0,138,True,119,9.0,124,False,False,-12,-14
231,269/SA0,True,967,1.0,967,True,974,1.0,974,False,False,7,7
232,269/SA1,True,57,55.0,57,True,50,16.0,50,False,False,-7,-7
233,270->344/SA0,True,854,1.0,854,True,854,1.0,854,False,False,0,0
234,270->392/SA0,True,115,11.0,115,True,115,3.0,115,False,False,0,0
235,270/SA0,True,969,1.0,969,True,969,1.0,969,False,False,0,0
236,270/SA1,True,55,9.0,55,True,55,12.0,55,False,False,0,0
237,273->344/SA0,True,2,274.0,2,True,8,44.0,8,False,False,6,6
238,273/SA0,True,2,274.0,4,True,8,44.0,16,False,False,6,12
239,273/SA1,True,53,9.0,106,True,47,12.0,94,False,False,-6,-12
240,276/SA0,True,131,9.0,248,True,131,12.0,238,False,False,0,-10
241,276/SA1,True,893,1.0,1681,True,893,1.0,1653,False,False,0,-28
242,279/SA0,True,657,2.0,1406,True,656,4.0,1366,False,False,-1,-40
243,279/SA1,True,30,84.0,55,True,38,16.0,75,False,False,8,20
244,280->348/SA0,True,8,22.0,21,True,15,13.0,35,False,False,7,14
245,280->349/SA0,True,250,2.0,250,True,218,6.0,218,False,False,-32,-32
246,280->350/SA0,True,150,11.0,150,True,123,2.0,123,False,False,-27,-27
247,280/SA0,True,334,2.0,421,True,291,2.0,376,False,False,-43,-45
248,280/SA1,True,19,16.0,24,True,16,111.0,21,False,False,-3,-3
249,284/SA0,True,12,144.0,26,True,6,111.0,9,False,False,-6,-17
250,284/SA1,True,1,206.0,1,False,0,,0,False,True,-1,-1
251,285/SA0,True,38,32.0,38,True,50,16.0,50,False,False,12,12
252,285/SA1,True,16,16.0,16,True,14,111.0,14,False,False,-2,-2
253,286/SA0,True,47,16.0,47,True,57,16.0,57,False,False,10,10
254,286/SA1,True,7,55.0,7,True,7,251.0,7,False,False,0,0
255,287->432/SA1,True,13,225.0,23,True,14,15.0,31,False,False,1,8
256,287->437/SA1,True,23,16.0,36,True,17,28.0,35,False,False,-6,-1
257,287/SA0,True,5,259.0,11,True,6,57.0,10,False,False,1,-1
258,287/SA1,True,31,16.0,58,True,24,15.0,62,False,False,-7,4
259,29->273/SA1,True,5,9.0,10,True,5,155.0,10,False,False,0,0
260,29->285/SA1,True,17,55.0,17,True,14,22.0,14,False,False,-3,-3
261,29->287/SA1,True,4,534.0,8,True,3,28.0,9,False,False,-1,1
262,29->290/SA1,True,130,8.0,130,True,124,2.0,124,False,False,-6,-6
263,29->291/SA1,True,113,5.0,113,True,120,8.0,120,False,False,7,7
264,29->292/SA1,True,116,3.0,116,True,131,4.0,131,False,False,15,15
265,29/SA0,True,239,11.0,392,True,255,3.0,414,False,False,16,22
266,29/SA1,True,257,3.0,394,True,262,2.0,408,False,False,5,14
267,290/SA0,True,117,11.0,117,True,122,3.0,122,False,False,5,5
268,290/SA1,True,907,1.0,907,True,902,1.0,902,False,False,-5,-5
269,291/SA0,True,127,20.0,127,True,129,6.0,129,False,False,2,2
270,291/SA1,True,897,1.0,897,True,895,1.0,895,False,False,-2,-2
271,292/SA0,True,117,11.0,117,True,123,3.0,123,False,False,6,6
272,292/SA1,True,907,1.0,907,True,901,1.0,901,False,False,-6,-6
273,293/SA0,True,148,7.0,148,True,134,2.0,134,False,False,-14,-14
274,293/SA1,True,876,1.0,876,True,890,1.0,890,False,False,14,14
275,294/SA0,True,4,73.0,6,True,6,181.0,16,False,False,2,10
276,295/SA0,True,125,7.0,125,True,127,6.0,127,False,False,2,2
277,295/SA1,True,899,1.0,899,True,897,1.0,897,False,False,-2,-2
278,296/SA0,True,120,9.0,120,True,133,3.0,133,False,False,13,13
279,296/SA1,True,904,1.0,904,True,891,1.0,891,False,False,-13,-13
280,297/SA0,True,247,7.0,247,True,244,5.0,244,False,False,-3,-3
281,297/SA1,True,777,1.0,777,True,780,1.0,780,False,False,3,3
282,298->355/SA1,True,116,6.0,116,True,139,1.0,139,False,False,23,23
283,298->356/SA1,True,102,9.0,102,True,132,6.0,132,False,False,30,30
284,298/SA0,True,581,1.0,758,True,568,3.0,770,False,False,-13,12
285,298/SA1,True,167,6.0,218,True,209,1.0,271,False,False,42,53
286,301/SA0,True,522,6.0,522,True,513,3.0,513,False,False,-9,-9
287,301/SA1,True,254,1.0,254,True,249,2.0,249,False,False,-5,-5
288,302/SA1,True,248,2.0,248,True,262,1.0,262,False,False,14,14
289,303/SA0,True,496,6.0,496,True,502,2.0,502,False,False,6,6
290,303/SA1,True,262,2.0,262,True,232,1.0,232,False,False,-30,-30
291,304/SA1,True,266,1.0,266,True,290,6.0,290,False,False,24,24
292,305/SA0,True,499,1.0,499,True,527,3.0,527,False,False,28,28
293,305/SA1,True,278,2.0,278,True,237,1.0,237,False,False,-41,-41
294,306/SA1,True,247,11.0,247,True,260,6.0,260,False,False,13,13
295,307/SA0,True,515,1.0,515,True,529,2.0,529,False,False,14,14
296,307/SA1,True,239,7.0,239,True,248,5.0,248,False,False,9,9
297,308/SA1,True,270,2.0,270,True,247,1.0,247,False,False,-23,-23
298,309/SA0,True,193,10.0,239,True,186,1.0,226,False,False,-7,-13
299,309/SA1,True,577,2.0,680,True,584,3.0,696,False,False,7,16
300,310->476/SA1,True,4,102.0,5,True,4,145.0,4,False,False,0,-1
301,310->478/SA1,True,1,102.0,2,True,1,33.0,1,False,False,0,-1
302,310->480/SA1,True,2,102.0,2,True,1,33.0,2,False,False,-1,0
303,310->482/SA1,True,3,102.0,4,True,1,145.0,2,False,False,-2,-2
304,316/SA0,True,143,1.0,169,True,153,1.0,183,False,False,10,14
305,316/SA1,True,503,2.0,595,True,501,3.0,596,False,False,-2,1
306,317/SA0,True,140,9.0,166,True,138,9.0,164,False,False,-2,-2
307,317/SA1,True,450,1.0,555,True,445,2.0,518,False,False,-5,-37
308,318/SA1,True,413,1.0,488,True,437,3.0,534,False,False,24,46
309,319->427/SA1,True,8,56.0,12,True,12,28.0,20,False,False,4,8
310,319->443/SA1,True,11,39.0,15,True,4,28.0,10,False,False,-7,-5
311,319/SA0,True,38,9.0,73,True,36,15.0,72,False,False,-2,-1
312,319/SA1,True,17,39.0,27,True,13,28.0,30,False,False,-4,3
313,322/SA0,True,8,300.0,15,True,7,20.0,18,False,False,-1,3
314,322/SA1,True,14,38.0,32,True,11,62.0,22,False,False,-3,-10
315,323/SA0,True,8,225.0,12,True,5,28.0,10,False,False,-3,-2
316,324/SA0,True,505,5.0,505,True,537,1.0,537,False,False,32,32
317,324/SA1,True,262,1.0,262,True,221,4.0,221,False,False,-41,-41
318,325/SA1,True,257,3.0,257,True,266,2.0,266,False,False,9,9
319,326/SA0,True,518,2.0,518,True,491,1.0,491,False,False,-27,-27
320,326/SA1,True,252,6.0,252,True,278,3.0,278,False,False,26,26
321,327/SA1,True,254,1.0,254,True,255,4.0,255,False,False,1,1
322,328/SA0,True,525,2.0,525,True,510,3.0,510,False,False,-15,-15
323,328/SA1,True,238,5.0,238,True,277,9.0,277,False,False,39,39
324,329/SA1,True,261,1.0,261,True,237,1.0,237,False,False,-24,-24
325,330/SA0,True,488,1.0,488,True,504,4.0,504,False,False,16,16
326,330/SA1,True,272,6.0,272,True,273,1.0,273,False,False,1,1
327,331/SA1,True,264,5.0,264,True,247,3.0,247,False,False,-17,-17
328,332/SA0,True,134,3.0,134,True,116,11.0,116,False,False,-18,-18
329,332/SA1,True,349,4.0,349,True,401,3.0,401,False,False,52,52
330,333/SA0,True,127,6.0,127,True,130,4.0,130,False,False,3,3
331,333/SA1,True,338,1.0,338,True,373,6.0,373,False,False,35,35
332,334/SA0,True,136,2.0,136,True,103,4.0,103,False,False,-33,-33
333,334/SA1,True,338,1.0,338,True,378,6.0,378,False,False,40,40
334,335/SA0,True,126,2.0,126,True,113,5.0,113,False,False,-13,-13
335,335/SA1,True,350,6.0,350,True,375,7.0,375,False,False,25,25
336,336/SA0,True,91,4.0,91,True,85,11.0,85,False,False,-6,-6
337,336/SA1,True,254,5.0,254,True,279,6.0,279,False,False,25,25
338,338/SA0,True,101,14.0,101,True,90,4.0,90,False,False,-11,-11
339,338/SA1,True,254,4.0,254,True,273,12.0,273,False,False,19,19
340,340/SA0,True,89,4.0,89,True,82,18.0,82,False,False,-7,-7
341,340/SA1,True,264,2.0,264,True,281,1.0,281,False,False,17,17
342,343/SA0,True,53,9.0,53,True,47,12.0,47,False,False,-6,-6
343,343/SA1,True,2,274.0,2,True,8,44.0,8,False,False,6,6
344,344/SA0,True,971,1.0,971,True,977,1.0,977,False,False,6,6
345,344/SA1,True,53,9.0,53,True,47,12.0,47,False,False,-6,-6
346,345/SA0,True,381,7.0,788,True,373,2.0,760,False,False,-8,-28
347,345/SA1,True,55,9.0,117,True,53,15.0,107,False,False,-2,-10
348,346/SA0,True,893,1.0,893,True,893,1.0,893,False,False,0,0
349,346/SA1,True,131,9.0,131,True,131,12.0,131,False,False,0,0
350,348/SA1,True,167,5.0,343,True,178,7.0,359,False,False,11,16
351,349/SA0,True,1008,1.0,1008,True,1010,1.0,1010,False,False,2,2
352,350/SA0,True,1017,1.0,1017,True,1017,1.0,1017,False,False,0,0
353,355/SA0,True,650,1.0,650,True,624,1.0,624,False,False,-26,-26
354,355/SA1,True,374,8.0,374,True,400,3.0,400,False,False,26,26
355,356/SA0,True,384,1.0,384,True,370,5.0,370,False,False,-14,-14
356,356/SA1,True,640,3.0,640,True,654,1.0,654,False,False,14,14
357,357->406/SA1,True,276,9.0,276,True,256,3.0,256,False,False,-20,-20
358,357/SA0,True,502,1.0,502,True,511,1.0,511,False,False,9,9
359,36->273/SA1,True,6,185.0,12,True,7,53.0,14,False,False,1,2
360,36->291/SA1,True,152,2.0,152,True,146,14.0,146,False,False,-6,-6
361,36->292/SA1,True,127,2.0,127,True,130,14.0,130,False,False,3,3
362,36->295/SA1,True,161,27.0,161,True,140,2.0,140,False,False,-21,-21
363,36->296/SA1,True,147,12.0,147,True,128,2.0,128,False,False,-19,-19
364,36/SA0,True,275,7.0,493,True,281,3.0,528,False,False,6,35
365,36/SA1,True,317,2.0,599,True,300,2.0,558,False,False,-17,-41
366,360->406/SA1,True,250,7.0,250,True,245,2.0,245,False,False,-5,-5
367,360/SA0,True,528,1.0,528,True,522,1.0,522,False,False,-6,-6
368,363->409/SA1,True,240,3.0,240,True,259,4.0,259,False,False,19,19
369,363/SA0,True,525,2.0,525,True,497,1.0,497,False,False,-28,-28
370,366->409/SA1,True,256,10.0,256,True,261,2.0,261,False,False,5,5
371,366/SA0,True,509,2.0,509,True,495,1.0,495,False,False,-14,-14
372,369->417/SA1,True,127,4.0,127,True,114,9.0,114,False,False,-13,-13
373,369->488/SA0,True,2,104.0,2,True,2,146.0,2,False,False,0,0
374,369->489/SA0,True,1,104.0,1,False,0,,0,False,True,-1,-1
375,369->490/SA0,True,1,104.0,3,False,0,,0,False,True,-1,-3
376,369->491/SA0,True,2,104.0,2,True,1,33.0,1,False,False,-1,-1
377,369/SA0,True,137,3.0,140,True,121,1.0,121,False,False,-16,-19
378,369/SA1,True,129,4.0,136,True,118,9.0,121,False,False,-11,-15
379,375/SA1,True,16,225.0,27,True,12,20.0,28,False,False,-4,1
380,376->413/SA1,True,239,11.0,239,True,279,3.0,279,False,False,40,40
381,376/SA0,True,519,1.0,519,True,487,2.0,487,False,False,-32,-32
382,379->413/SA1,True,252,2.0,252,True,233,2.0,233,False,False,-19,-19
383,379/SA0,True,506,1.0,506,True,533,3.0,533,False,False,27,27
384,382->416/SA1,True,265,6.0,265,True,270,3.0,270,False,False,5,5
385,382/SA0,True,499,1.0,499,True,514,1.0,514,False,False,15,15
386,385->416/SA1,True,228,1.0,228,True,264,6.0,264,False,False,36,36
387,385/SA0,True,536,5.0,536,True,520,1.0,520,False,False,-16,-16
388,388/SA0,False,0,,0,False,0,,0,False,False,0,0
389,388/SA1,False,0,,0,False,0,,0,False,False,0,0
390,389/SA0,False,0,,0,False,0,,0,False,False,0,0
391,389/SA1,False,0,,0,False,0,,0,False,False,0,0
392,390/SA0,False,0,,0,False,0,,0,False,False,0,0
393,390/SA1,False,0,,0,False,0,,0,False,False,0,0
394,391/SA0,False,0,,0,False,0,,0,False,False,0,0
395,391/SA1,False,0,,0,False,0,,0,False,False,0,0
396,392/SA0,True,1022,1.0,1022,True,1016,1.0,1016,False,False,-6,-6
397,393->427/SA1,True,224,7.0,388,True,224,2.0,397,False,False,0,9
398,393->432/SA1,True,16,46.0,40,True,18,76.0,46,False,False,2,6
399,393->437/SA1,True,14,26.0,32,True,22,6.0,46,False,False,8,14
400,393->442/SA1,True,98,22.0,224,True,89,10.0,181,False,False,-9,-43
401,393->443/SA1,True,82,15.0,134,True,79,49.0,136,False,False,-3,2
402,400/SA1,True,356,4.0,726,True,393,1.0,847,False,False,37,121
403,404/SA0,True,246,6.0,246,True,257,11.0,257,False,False,11,11
404,404/SA1,True,250,7.0,250,True,245,2.0,245,False,False,-5,-5
405,405/SA1,True,276,9.0,276,True,256,3.0,256,False,False,-20,-20
406,406/SA0,True,252,1.0,252,True,266,1.0,266,False,False,14,14
407,406/SA1,True,526,7.0,526,True,501,2.0,501,False,False,-25,-25
408,407/SA0,True,259,1.0,259,True,268,3.0,268,False,False,9,9
409,407/SA1,True,256,10.0,256,True,261,2.0,261,False,False,5,5
410,408/SA1,True,240,3.0,240,True,259,4.0,259,False,False,19,19
411,409/SA0,True,269,2.0,269,True,236,1.0,236,False,False,-33,-33
412,409/SA1,True,496,3.0,496,True,520,2.0,520,False,False,24,24
413,410/SA0,True,761,2.0,1624,True,751,2.0,1566,False,False,-10,-58
414,411/SA0,True,266,5.0,266,True,258,1.0,258,False,False,-8,-8
415,411/SA1,True,252,2.0,252,True,233,2.0,233,False,False,-19,-19
416,412/SA1,True,239,11.0,239,True,279,3.0,279,False,False,40,40
417,413/SA0,True,267,1.0,267,True,254,4.0,254,False,False,-13,-13
418,413/SA1,True,491,2.0,491,True,512,2.0,512,False,False,21,21
419,414/SA0,True,260,2.0,260,True,240,4.0,240,False,False,-20,-20
420,414/SA1,True,228,1.0,228,True,264,6.0,264,False,False,36,36
421,415/SA1,True,265,6.0,265,True,270,3.0,270,False,False,5,5
422,416/SA0,True,271,5.0,271,True,250,1.0,250,False,False,-21,-21
423,416/SA1,True,493,1.0,493,True,534,3.0,534,False,False,41,41
424,417/SA0,True,136,3.0,136,True,118,1.0,118,False,False,-18,-18
425,417/SA1,True,344,4.0,344,True,374,7.0,374,False,False,30,30
426,418/SA0,False,0,,0,False,0,,0,False,False,0,0
427,418/SA1,False,0,,0,False,0,,0,False,False,0,0
428,419/SA0,False,0,,0,False,0,,0,False,False,0,0
429,419/SA1,False,0,,0,False,0,,0,False,False,0,0
430,42->273/SA1,True,8,103.0,16,True,8,33.0,16,False,False,0,0
431,42->284/SA1,False,0,,0,True,1,481.0,1,True,False,1,1
432,42->290/SA1,True,152,4.0,152,True,136,6.0,136,False,False,-16,-16
433,42->292/SA1,True,138,26.0,138,True,121,6.0,121,False,False,-17,-17
434,42->294/SA1,True,5,144.0,14,True,5,49.0,12,False,False,0,-2
435,42->296/SA1,True,144,7.0,144,True,126,6.0,126,False,False,-18,-18
436,42->322/SA0,True,11,38.0,27,True,9,62.0,15,False,False,-2,-12
437,42->323/SA1,True,3,592.0,5,True,2,395.0,7,False,False,-1,2
438,42/SA0,True,238,9.0,401,True,260,3.0,430,False,False,22,29
439,42/SA1,True,289,4.0,490,True,254,6.0,437,False,False,-35,-53
440,420/SA0,False,0,,0,False,0,,0,False,False,0,0
441,420/SA1,False,0,,0,False,0,,0,False,False,0,0
442,421/SA0,False,0,,0,False,0,,0,False,False,0,0
443,421/SA1,False,0,,0,False,0,,0,False,False,0,0
444,422/SA0,False,0,,0,False,0,,0,False,False,0,0
445,422/SA1,False,0,,0,False,0,,0,False,False,0,0
446,423/SA0,False,0,,0,False,0,,0,False,False,0,0
447,423/SA1,False,0,,0,False,0,,0,False,False,0,0
448,427->475/SA1,True,288,18.0,341,True,295,3.0,352,False,False,7,11
449,427->477/SA1,True,267,7.0,313,True,252,5.0,304,False,False,-15,-9
450,427->479/SA1,True,220,1.0,276,True,225,2.0,262,False,False,5,-14
451,427->481/SA1,True,199,1.0,231,True,209,6.0,256,False,False,10,25
452,427/SA0,True,28,16.0,41,True,27,44.0,45,False,False,-1,4
453,427/SA1,True,626,1.0,1056,True,592,2.0,1052,False,False,-34,-4
454,432->476/SA1,True,337,8.0,399,True,297,3.0,356,False,False,-40,-43
455,432->478/SA1,True,271,5.0,325,True,255,3.0,309,False,False,-16,-16
456,432->480/SA1,True,224,1.0,287,True,221,2.0,258,False,False,-3,-29
457,432->482/SA1,True,205,1.0,248,True,212,3.0,262,False,False,7,14
458,432/SA0,True,2,579.0,2,True,2,128.0,3,False,False,0,1
459,432/SA1,True,424,1.0,973,True,389,2.0,939,False,False,-35,-34
460,437->488/SA0,True,192,10.0,222,True,189,5.0,235,False,False,-3,13
461,437->489/SA0,True,153,1.0,173,True,157,2.0,181,False,False,4,8
462,437->490/SA0,True,144,8.0,157,True,155,16.0,196,False,False,11,39
463,437->491/SA0,True,151,13.0,162,True,128,3.0,155,False,False,-23,-7
464,437/SA0,True,311,1.0,596,True,302,2.0,583,False,False,-9,-13
465,437/SA1,True,3,259.0,9,True,4,57.0,7,False,False,1,-2
466,443/SA0,True,272,10.0,457,True,276,11.0,453,False,False,4,-4
467,443/SA1,True,19,9.0,31,True,18,15.0,36,False,False,-1,5
468,446/SA0,False,0,,0,False,0,,0,False,False,0,0
469,446/SA1,False,0,,0,False,0,,0,False,False,0,0
470,447/SA0,False,0,,0,False,0,,0,False,False,0,0
471,447/SA1,False,0,,0,False,0,,0,False,False,0,0
472,448/SA0,False,0,,0,False,0,,0,False,False,0,0
473,448/SA1,False,0,,0,False,0,,0,False,False,0,0
474,449/SA0,False,0,,0,False,0,,0,False,False,0,0
475,449/SA1,False,0,,0,False,0,,0,False,False,0,0
476,450/SA0,False,0,,0,False,0,,0,False,False,0,0
477,450/SA1,False,0,,0,False,0,,0,False,False,0,0
478,451->522/SA1,True,99,26.0,99,True,110,7.0,110,False,False,11,11
479,451->523/SA1,True,97,5.0,97,True,105,9.0,105,False,False,8,8
480,451->524/SA1,True,99,4.0,99,True,111,12.0,111,False,False,12,12
481,451->525/SA1,True,88,8.0,88,True,131,7.0,131,False,False,43,43
482,451->526/SA1,True,101,6.0,101,True,115,15.0,115,False,False,14,14
483,451->527/SA1,True,66,5.0,66,True,87,15.0,87,False,False,21,21
484,451->528/SA1,True,87,4.0,87,True,89,18.0,89,False,False,2,2
485,451->529/SA1,True,89,28.0,89,True,99,1.0,99,False,False,10,10
486,460->498/SA1,True,276,2.0,276,True,263,6.0,263,False,False,-13,-13
487,460->499/SA0,True,250,7.0,250,True,255,2.0,255,False,False,5,5
488,460/SA1,True,498,1.0,498,True,523,1.0,523,False,False,25,25
489,463->500/SA1,True,257,1.0,257,True,241,1.0,241,False,False,-16,-16
490,463->501/SA0,True,262,11.0,262,True,236,6.0,236,False,False,-26,-26
491,463/SA1,True,528,1.0,528,True,504,1.0,504,False,False,-24,-24
492,466->502/SA1,True,295,8.0,346,True,266,4.0,314,False,False,-29,-32
493,466->504/SA1,True,237,7.0,279,True,250,3.0,294,False,False,13,15
494,466->506/SA1,True,215,2.0,277,True,203,2.0,241,False,False,-12,-36
495,466->508/SA1,True,197,8.0,233,True,204,3.0,243,False,False,7,10
496,466->511/SA1,True,196,6.0,238,True,178,5.0,212,False,False,-18,-26
497,466->513/SA1,True,157,5.0,188,True,152,2.0,182,False,False,-5,-6
498,466->515/SA1,True,152,8.0,181,True,161,18.0,205,False,False,9,24
499,466->517/SA1,True,153,9.0,165,True,156,8.0,192,False,False,3,27
500,466/SA0,True,49,38.0,95,True,49,16.0,97,False,False,0,2
501,475/SA0,True,11,176.0,11,True,12,44.0,15,False,False,1,4
502,476/SA0,False,0,,0,False,0,,0,False,False,0,0
503,477/SA0,True,10,222.0,10,True,7,44.0,9,False,False,-3,-1
504,478/SA0,False,0,,0,True,1,748.0,1,True,False,1,1
505,479/SA0,True,5,176.0,5,True,14,44.0,14,False,False,9,9
506,480/SA0,False,0,,0,False,0,,0,False,False,0,0
507,481/SA0,True,7,114.0,7,True,7,137.0,13,False,False,0,6
508,482/SA0,True,2,579.0,2,True,1,128.0,1,False,False,-1,-1
509,483->510/SA1,True,121,19.0,157,True,129,11.0,148,False,False,8,-9
510,483->512/SA1,True,93,10.0,104,True,123,22.0,143,False,False,30,39
511,483->514/SA1,True,91,16.0,102,True,126,20.0,146,False,False,35,44
512,483->516/SA1,True,117,13.0,134,True,92,20.0,119,False,False,-25,-15
513,483/SA0,True,346,1.0,555,True,337,1.0,585,False,False,-9,30
514,488/SA0,True,403,6.0,487,True,404,5.0,486,False,False,1,-1
515,488/SA1,True,2,259.0,3,True,2,57.0,2,False,False,0,-1
516,489/SA0,True,311,1.0,373,True,327,2.0,389,False,False,16,16
517,489/SA1,True,2,259.0,2,True,2,229.0,2,False,False,0,0
518,490/SA0,True,295,8.0,344,True,326,16.0,396,False,False,31,52
519,490/SA1,True,1,259.0,1,True,1,947.0,1,False,False,0,0
520,491/SA0,True,303,2.0,331,True,305,3.0,369,False,False,2,38
521,491/SA1,True,3,259.0,3,True,1,947.0,1,False,False,-2,-2
522,492->518/SA1,True,287,5.0,287,True,256,5.0,256,False,False,-31,-31
523,492->519/SA0,True,226,3.0,226,True,259,2.0,259,False,False,33,33
524,492/SA1,True,533,1.0,533,True,512,1.0,512,False,False,-21,-21
525,495->520/SA1,True,270,2.0,270,True,221,2.0,221,False,False,-49,-49
526,495->521/SA0,True,221,1.0,221,True,266,5.0,266,False,False,45,45
527,495/SA1,True,531,2.0,531,True,490,1.0,490,False,False,-41,-41
528,498/SA0,True,526,2.0,526,True,518,2.0,518,False,False,-8,-8
529,498/SA1,True,276,8.0,276,True,246,5.0,246,False,False,-30,-30
530,499/SA1,True,222,1.0,222,True,260,1.0,260,False,False,38,38
531,500/SA0,True,519,1.0,519,True,477,1.0,477,False,False,-42,-42
532,500/SA1,True,234,3.0,234,True,284,2.0,284,False,False,50,50
533,501/SA1,True,271,2.0,271,True,263,8.0,263,False,False,-8,-8
534,502/SA0,True,11,38.0,15,True,17,33.0,19,False,False,6,4
535,503/SA1,True,11,176.0,11,True,12,44.0,15,False,False,1,4
536,504/SA0,True,6,176.0,6,True,12,16.0,13,False,False,6,7
537,505/SA1,True,10,222.0,10,True,8,44.0,10,False,False,-2,0
538,506/SA0,True,11,56.0,14,True,9,81.0,10,False,False,-2,-4
539,507/SA1,True,5,176.0,5,True,14,44.0,14,False,False,9,9
540,508/SA0,True,7,103.0,10,True,14,33.0,16,False,False,7,6
541,509/SA1,True,9,114.0,9,True,8,128.0,14,False,False,-1,5
542,51->276/SA1,True,123,4.0,276,True,111,9.0,245,False,False,-12,-31
543,51->279/SA1,True,46,53.0,107,True,42,25.0,85,False,False,-4,-22
544,51->316/SA1,True,167,7.0,203,True,147,9.0,177,False,False,-20,-26
545,51/SA0,True,268,1.0,521,True,277,1.0,530,False,False,9,9
546,51/SA1,True,274,4.0,537,True,241,9.0,463,False,False,-33,-74
547,510/SA0,True,151,1.0,171,True,147,2.0,192,False,False,-4,21
548,511/SA0,True,10,144.0,16,True,13,49.0,17,False,False,3,1
549,512/SA0,True,128,21.0,142,True,122,13.0,140,False,False,-6,-2
550,513/SA0,True,11,56.0,11,True,10,33.0,14,False,False,-1,3
551,514/SA0,True,117,1.0,127,True,112,4.0,136,False,False,-5,9
552,515/SA0,True,9,56.0,10,True,10,197.0,12,False,False,1,2
553,516/SA0,True,109,1.0,125,True,112,1.0,137,False,False,3,12
554,517/SA0,True,13,84.0,15,True,8,16.0,9,False,False,-5,-6
555,518/SA0,True,513,3.0,513,True,515,2.0,515,False,False,2,2
556,518/SA1,True,265,2.0,265,True,253,6.0,253,False,False,-12,-12
557,519/SA1,True,246,1.0,246,True,256,1.0,256,False,False,10,10
558,520/SA0,True,491,1.0,491,True,487,2.0,487,False,False,-4,-4
559,520/SA1,True,272,6.0,272,True,268,3.0,268,False,False,-4,-4
560,521/SA1,True,261,3.0,261,True,269,1.0,269,False,False,8,8
561,522/SA0,False,0,,0,False,0,,0,False,False,0,0
562,523/SA0,False,0,,0,False,0,,0,False,False,0,0
563,524/SA0,True,1,206.0,1,False,0,,0,False,True,-1,-1
564,525/SA0,False,0,,0,False,0,,0,False,False,0,0
565,526/SA0,False,0,,0,False,0,,0,False,False,0,0
566,527/SA1,False,0,,0,False,0,,0,False,False,0,0
567,528/SA1,False,0,,0,False,0,,0,False,False,0,0
568,529/SA1,False,0,,0,False,0,,0,False,False,0,0
569,530->552/SA1,True,265,2.0,265,True,272,2.0,272,False,False,7,7
570,530/SA0,True,498,1.0,498,True,506,1.0,506,False,False,8,8
571,533->552/SA1,True,258,1.0,258,True,231,1.0,231,False,False,-27,-27
572,533/SA0,True,505,2.0,505,True,547,2.0,547,False,False,42,42
573,536/SA1,True,213,10.0,265,True,210,1.0,255,False,False,-3,-10
574,537/SA1,True,156,1.0,185,True,172,1.0,203,False,False,16,18
575,538/SA1,True,158,9.0,188,True,159,9.0,187,False,False,1,-1
576,539/SA1,True,147,10.0,164,True,150,2.0,172,False,False,3,8
577,540/SA1,True,163,1.0,189,True,161,2.0,210,False,False,-2,21
578,541/SA1,True,141,21.0,155,True,134,13.0,156,False,False,-7,1
579,542/SA1,True,128,1.0,139,True,122,4.0,148,False,False,-6,9
580,543/SA1,True,125,1.0,143,True,122,1.0,148,False,False,-3,5
581,544->587/SA1,True,271,3.0,271,True,265,3.0,265,False,False,-6,-6
582,544/SA0,True,511,1.0,511,True,509,1.0,509,False,False,-2,-2
583,547->587/SA1,True,249,1.0,249,True,237,6.0,237,False,False,-12,-12
584,547/SA0,True,533,3.0,533,True,537,1.0,537,False,False,4,4
585,55->280/SA1,True,22,37.0,24,True,12,37.0,15,False,False,-10,-9
586,55->427/SA1,True,16,102.0,26,True,19,85.0,34,False,False,3,8
587,55->437/SA1,True,4,579.0,4,True,2,20.0,5,False,False,-2,1
588,55/SA0,True,47,16.0,74,True,45,44.0,73,False,False,-2,-1
589,55/SA1,True,39,37.0,53,True,31,20.0,54,False,False,-8,1
590,550/SA0,True,261,12.0,261,True,246,3.0,246,False,False,-15,-15
591,550/SA1,True,258,1.0,258,True,231,1.0,231,False,False,-27,-27
592,551/SA1,True,265,2.0,265,True,272,2.0,272,False,False,7,7
593,552/SA0,True,240,3.0,240,True,275,4.0,275,False,False,35,35
594,552/SA1,True,523,1.0,523,True,503,1.0,503,False,False,-20,-20
595,553->590/SA1,True,318,2.0,431,True,339,3.0,454,False,False,21,23
596,553->593/SA0,True,103,11.0,117,True,96,2.0,107,False,False,-7,-10
597,553->596/SA1,True,150,8.0,150,True,129,15.0,129,False,False,-21,-21
598,553/SA0,True,228,10.0,280,True,226,1.0,274,False,False,-2,-6
599,557->597/SA1,True,262,2.0,363,True,241,4.0,331,False,False,-21,-32
600,557->600/SA0,True,66,9.0,75,True,84,1.0,104,False,False,18,29
601,557->605/SA1,True,173,10.0,173,True,157,34.0,157,False,False,-16,-16
602,557/SA0,True,179,1.0,210,True,195,1.0,233,False,False,16,23
603,561->606/SA1,True,224,2.0,325,True,217,2.0,295,False,False,-7,-30
604,561->609/SA0,True,45,9.0,51,True,62,15.0,73,False,False,17,22
605,561->615/SA1,True,154,1.0,154,True,148,27.0,148,False,False,-6,-6
606,561/SA0,True,166,9.0,196,True,178,9.0,206,False,False,12,10
607,565->616/SA1,True,182,8.0,248,True,218,3.0,306,False,False,36,58
608,565->619/SA0,True,46,28.0,51,True,48,2.0,64,False,False,2,13
609,565->624/SA1,True,154,1.0,154,True,150,29.0,150,False,False,-4,-4
610,565/SA0,True,160,10.0,177,True,165,2.0,196,False,False,5,19
611,569->625/SA1,True,183,6.0,258,True,200,15.0,273,False,False,17,15
612,569->628/SA0,True,54,41.0,64,True,58,2.0,84,False,False,4,20
613,569->631/SA1,True,163,10.0,163,True,148,11.0,148,False,False,-15,-15
614,569/SA0,True,165,1.0,192,True,164,2.0,213,False,False,-1,21
615,573->632/SA1,True,153,5.0,215,True,170,3.0,243,False,False,17,28
616,573->635/SA0,True,50,21.0,56,True,47,31.0,56,False,False,-3,0
617,573->640/SA1,True,116,10.0,116,True,117,15.0,117,False,False,1,1
618,573/SA0,True,143,21.0,157,True,136,13.0,158,False,False,-7,1
619,577->641/SA1,True,136,8.0,182,True,174,11.0,244,False,False,38,62
620,577->644/SA0,True,40,9.0,44,True,51,6.0,66,False,False,11,22
621,577->650/SA1,True,123,8.0,123,True,101,16.0,101,False,False,-22,-22
622,577/SA0,True,129,1.0,140,True,123,4.0,149,False,False,-6,9
623,581->651/SA1,True,131,9.0,155,True,137,14.0,188,False,False,6,33
624,581->654/SA0,True,45,8.0,51,True,36,56.0,48,False,False,-9,-3
625,581->659/SA1,True,122,2.0,122,True,105,8.0,105,False,False,-17,-17
626,581/SA0,True,128,1.0,146,True,124,1.0,150,False,False,-4,4
627,585/SA0,True,242,4.0,242,True,250,2.0,250,False,False,8,8
628,585/SA1,True,249,1.0,249,True,237,6.0,237,False,False,-12,-12
629,586/SA1,True,271,3.0,271,True,265,3.0,265,False,False,-6,-6
630,587/SA0,True,262,6.0,262,True,272,1.0,272,False,False,10,10
631,587/SA1,True,520,1.0,520,True,502,3.0,502,False,False,-18,-18
632,59->284/SA1,True,2,186.0,2,True,1,399.0,1,False,False,-1,-1
633,59->286/SA1,True,7,16.0,7,True,10,22.0,10,False,False,3,3
634,59->293/SA1,True,120,6.0,120,True,125,8.0,125,False,False,5,5
635,59->294/SA1,True,1,227.0,1,True,2,111.0,3,False,False,1,2
636,59->295/SA1,True,115,5.0,115,True,122,8.0,122,False,False,7,7
637,59->296/SA1,True,113,3.0,113,True,121,4.0,121,False,False,8,8
638,59->319/SA1,True,16,103.0,29,True,13,137.0,28,False,False,-3,-1
639,59->442/SA1,True,3,438.0,7,True,10,137.0,25,False,False,7,18
640,59/SA0,True,283,7.0,459,True,278,2.0,456,False,False,-5,-3
641,59/SA1,True,238,3.0,390,True,262,4.0,424,False,False,24,34
642,590->665/SA1,True,11,100.0,11,True,15,25.0,15,False,False,4,4
643,590/SA0,True,767,2.0,1014,True,781,2.0,1013,False,False,14,-1
644,590/SA1,True,81,10.0,94,True,88,1.0,104,False,False,7,10
645,593->665/SA1,True,182,8.0,182,True,178,20.0,178,False,False,-4,-4
646,593->841/SA1,True,75,20.0,75,True,72,21.0,72,False,False,-3,-3
647,593/SA0,True,342,1.0,375,True,328,2.0,370,False,False,-14,-5
648,593/SA1,True,232,8.0,257,True,223,20.0,250,False,False,-9,-7
649,596/SA0,True,51,10.0,51,True,41,22.0,41,False,False,-10,-10
650,597->673/SA1,True,8,710.0,8,True,13,13.0,13,False,False,5,5
651,597/SA0,True,603,2.0,845,True,622,1.0,868,False,False,19,23
652,597/SA1,True,68,1.0,79,True,53,13.0,60,False,False,-15,-19
653,600->673/SA1,True,184,19.0,184,True,206,3.0,206,False,False,22,22
654,600->765/SA1,True,20,76.0,25,True,25,53.0,31,False,False,5,6
655,600->766/SA1,True,18,34.0,21,True,20,48.0,24,False,False,2,3
656,600->814/SA1,True,29,8.0,31,True,23,137.0,31,False,False,-6,0
657,600/SA0,True,281,2.0,318,True,292,1.0,338,False,False,11,20
658,600/SA1,True,216,8.0,243,True,238,3.0,269,False,False,22,26
659,605/SA0,True,26,20.0,26,True,37,15.0,37,False,False,11,11
660,606->682/SA1,True,18,184.0,18,True,7,146.0,7,False,False,-11,-11
661,606/SA0,True,508,1.0,737,True,524,2.0,706,False,False,16,-31
662,606/SA1,True,57,29.0,76,True,60,9.0,74,False,False,3,-2
663,609->682/SA1,True,173,1.0,173,True,190,6.0,190,False,False,17,17
664,609->764/SA1,True,5,40.0,5,True,4,33.0,4,False,False,-1,-1
665,609->766/SA1,True,10,88.0,12,True,11,32.0,12,False,False,1,0
666,609->813/SA1,True,18,28.0,18,True,11,110.0,11,False,False,-7,-7
667,609->814/SA1,True,26,28.0,30,True,19,32.0,20,False,False,-7,-10
668,609/SA0,True,266,2.0,288,True,272,2.0,323,False,False,6,35
669,609/SA1,True,199,1.0,232,True,212,6.0,234,False,False,13,2
670,615/SA0,True,47,56.0,47,True,38,15.0,38,False,False,-9,-9
671,616->692/SA1,True,10,34.0,10,True,13,93.0,13,False,False,3,3
672,616/SA0,True,482,1.0,679,True,490,2.0,672,False,False,8,-7
673,616/SA1,True,45,13.0,53,True,50,17.0,63,False,False,5,10
674,619->692/SA1,True,187,1.0,187,True,182,6.0,182,False,False,-5,-5
675,619->812/SA1,True,30,86.0,30,True,27,52.0,27,False,False,-3,-3
676,619->813/SA1,True,14,75.0,14,True,13,173.0,13,False,False,-1,-1
677,619->814/SA1,True,17,23.0,19,True,21,46.0,23,False,False,4,4
678,619/SA0,True,239,8.0,270,True,250,2.0,308,False,False,11,38
679,619/SA1,True,217,1.0,250,True,206,6.0,245,False,False,-11,-5
680,624/SA0,True,40,10.0,40,True,42,22.0,42,False,False,2,2
681,625->700/SA1,True,12,60.0,12,True,24,31.0,24,False,False,12,12
682,625/SA0,True,436,1.0,606,True,457,2.0,625,False,False,21,19
683,625/SA1,True,49,47.0,66,True,56,31.0,79,False,False,7,13
684,628->700/SA1,True,178,9.0,178,True,177,10.0,177,False,False,-1,-1
685,628->795/SA1,True,28,57.0,48,True,40,5.0,56,False,False,12,8
686,628/SA0,True,237,8.0,266,True,272,2.0,318,False,False,35,52
687,628/SA1,True,191,9.0,226,True,196,5.0,233,False,False,5,7
688,631/SA0,True,39,65.0,39,True,49,74.0,49,False,False,10,10
689,632->708/SA1,True,14,133.0,14,True,16,13.0,16,False,False,2,2
690,632/SA0,True,374,1.0,523,True,380,2.0,511,False,False,6,-12
691,632/SA1,True,46,40.0,54,True,45,13.0,58,False,False,-1,4
692,635->708/SA1,True,120,9.0,120,True,127,6.0,127,False,False,7,7
693,635->734/SA1,True,16,126.0,21,True,12,64.0,18,False,False,-4,-3
694,635->762/SA1,True,12,1.0,18,True,7,2.0,7,False,False,-5,-11
695,635->763/SA1,True,5,237.0,10,True,8,2.0,9,False,False,3,-1
696,635/SA0,True,199,8.0,221,True,221,15.0,259,False,False,22,38
697,635/SA1,True,140,1.0,160,True,142,2.0,155,False,False,2,-5
698,640/SA0,True,37,40.0,37,True,29,91.0,29,False,False,-8,-8
699,641->717/SA1,True,15,184.0,15,True,11,13.0,11,False,False,-4,-4
700,641/SA0,True,329,7.0,452,True,368,3.0,513,False,False,39,61
701,641/SA1,True,44,1.0,51,True,30,4.0,40,False,False,-14,-11
702,644->717/SA1,True,128,16.0,128,True,122,16.0,122,False,False,-6,-6
703,644->733/SA1,True,17,18.0,17,True,13,28.0,13,False,False,-4,-4
704,644->734/SA1,True,17,73.0,21,True,20,56.0,23,False,False,3,2
705,644->761/SA1,True,8,18.0,8,True,6,58.0,6,False,False,-2,-2
706,644->763/SA1,True,7,139.0,10,True,7,209.0,7,False,False,0,-3
707,644/SA0,True,183,3.0,211,True,215,6.0,255,False,False,32,44
708,644/SA1,True,149,16.0,171,True,145,16.0,168,False,False,-4,-3
709,650/SA0,True,30,26.0,30,True,32,29.0,32,False,False,2,2
710,651->727/SA1,True,12,133.0,12,True,16,1.0,16,False,False,4,4
711,651/SA0,True,342,3.0,432,True,342,3.0,459,False,False,0,27
712,651/SA1,True,35,40.0,47,True,38,1.0,52,False,False,3,5
713,654->727/SA1,True,133,2.0,133,True,122,3.0,122,False,False,-11,-11
714,654->732/SA1,True,25,13.0,25,True,30,11.0,30,False,False,5,5
715,654->733/SA1,True,12,53.0,12,True,10,253.0,10,False,False,-2,-2
716,654->734/SA1,True,11,51.0,13,True,22,96.0,26,False,False,11,13
717,654/SA0,True,195,8.0,233,True,193,10.0,240,False,False,-2,7
718,654/SA1,True,160,2.0,183,True,153,3.0,188,False,False,-7,5
719,659/SA0,True,33,26.0,33,True,43,37.0,43,False,False,10,10
720,660/SA1,True,501,3.0,501,True,521,3.0,521,False,False,20,20
721,661/SA1,True,504,4.0,504,True,522,1.0,522,False,False,18,18
722,662->737/SA1,True,173,5.0,173,True,168,7.0,168,False,False,-5,-5
723,662/SA0,True,80,10.0,94,True,88,1.0,100,False,False,8,6
724,662/SA1,True,751,2.0,906,True,761,2.0,903,False,False,10,-3
725,665->736/SA1,True,131,9.0,131,True,128,20.0,128,False,False,-3,-3
726,665->830/SA0,True,68,61.0,68,True,66,3.0,66,False,False,-2,-2
727,665->831/SA1,True,34,20.0,34,True,25,21.0,25,False,False,-9,-9
728,665/SA0,True,229,11.0,229,True,219,2.0,219,False,False,-10,-10
729,665/SA1,True,193,8.0,193,True,193,20.0,193,False,False,0,0
730,669/SA1,True,51,10.0,51,True,41,22.0,41,False,False,-10,-10
731,670->740/SA1,True,186,5.0,186,True,194,3.0,194,False,False,8,8
732,670/SA0,True,70,1.0,85,True,43,13.0,53,False,False,-27,-32
733,670/SA1,True,557,2.0,731,True,579,2.0,753,False,False,22,22
734,673->739/SA1,True,132,19.0,132,True,140,6.0,140,False,False,8,8
735,673->832/SA0,True,74,28.0,74,True,46,33.0,46,False,False,-28,-28
736,673->833/SA1,True,44,34.0,44,True,36,58.0,36,False,False,-8,-8
737,673/SA0,True,224,2.0,224,True,218,1.0,218,False,False,-6,-6
738,673/SA1,True,192,19.0,192,True,219,3.0,219,False,False,27,27
739,677/SA1,True,26,20.0,26,True,37,15.0,37,False,False,11,11
740,678->743/SA1,True,174,1.0,174,True,169,7.0,169,False,False,-5,-5
741,678->765/SA1,True,247,2.0,282,True,232,2.0,253,False,False,-15,-29
742,678/SA0,True,57,21.0,74,True,57,9.0,79,False,False,0,5
743,678/SA1,True,461,1.0,633,True,471,2.0,591,False,False,10,-42
744,68->284/SA1,True,1,381.0,3,False,0,,0,False,True,-1,-3
745,68->285/SA1,True,10,32.0,10,True,20,33.0,20,False,False,10,10
746,68->286/SA1,True,1,381.0,1,True,9,123.0,9,False,False,8,8
747,68/SA0,True,19,16.0,24,True,16,111.0,21,False,False,-3,-3
748,68/SA1,True,10,32.0,14,True,24,33.0,29,False,False,14,15
749,682->742/SA1,True,124,1.0,124,True,133,6.0,133,False,False,9,9
750,682->834/SA0,True,64,66.0,64,True,65,3.0,65,False,False,1,1
751,682->835/SA1,True,41,20.0,41,True,36,1.0,36,False,False,-5,-5
752,682/SA0,True,211,2.0,211,True,223,2.0,223,False,False,12,12
753,682/SA1,True,191,1.0,191,True,197,6.0,197,False,False,6,6
754,686/SA1,True,48,56.0,48,True,38,15.0,38,False,False,-10,-10
755,687->746/SA1,True,186,1.0,186,True,179,7.0,179,False,False,-7,-7
756,687->764/SA1,True,88,51.0,88,True,81,3.0,81,False,False,-7,-7
757,687->766/SA1,True,119,2.0,136,True,118,2.0,129,False,False,-1,-7
758,687/SA0,True,52,13.0,60,True,51,17.0,69,False,False,-1,9
759,687/SA1,True,421,1.0,578,True,430,2.0,560,False,False,9,-18
760,692->745/SA1,True,121,1.0,121,True,125,6.0,125,False,False,4,4
761,692->806/SA0,True,51,61.0,51,True,49,3.0,49,False,False,-2,-2
762,692->807/SA1,True,51,75.0,51,True,53,32.0,53,False,False,2,2
763,692/SA0,True,194,8.0,194,True,212,2.0,212,False,False,18,18
764,692/SA1,True,197,1.0,197,True,195,6.0,195,False,False,-2,-2
765,696/SA1,True,40,10.0,40,True,42,22.0,42,False,False,2,2
766,697->749/SA1,True,170,6.0,170,True,166,7.0,166,False,False,-4,-4
767,697/SA0,True,49,47.0,69,True,45,118.0,63,False,False,-4,-6
768,697/SA1,True,379,1.0,508,True,386,2.0,501,False,False,7,-7
769,700->748/SA1,True,128,9.0,128,True,121,10.0,121,False,False,-7,-7
770,700->788/SA0,True,52,58.0,52,True,52,3.0,52,False,False,0,0
771,700->789/SA1,True,43,60.0,43,True,47,13.0,47,False,False,4,4
772,700/SA0,True,197,11.0,197,True,222,2.0,222,False,False,25,25
773,700/SA1,True,190,9.0,190,True,201,10.0,201,False,False,11,11
774,704/SA1,True,39,65.0,39,True,49,74.0,49,False,False,10,10
775,705->752/SA1,True,131,5.0,131,True,119,15.0,119,False,False,-12,-12
776,705/SA0,True,38,40.0,45,True,38,33.0,55,False,False,0,10
777,705/SA1,True,331,1.0,448,True,342,2.0,433,False,False,11,-15
778,708->751/SA1,True,87,9.0,87,True,101,6.0,101,False,False,14,14
779,708->790/SA0,True,43,58.0,43,True,47,27.0,47,False,False,4,4
780,708->791/SA1,True,36,1.0,36,True,33,2.0,33,False,False,-3,-3
781,708/SA0,True,156,11.0,156,True,175,15.0,175,False,False,19,19
782,708/SA1,True,134,9.0,134,True,143,6.0,143,False,False,9,9
783,712/SA1,True,144,7.0,144,True,131,7.0,131,False,False,-13,-13
784,713->755/SA1,True,125,7.0,125,True,121,14.0,121,False,False,-4,-4
785,713->762/SA1,True,106,32.0,147,True,132,3.0,182,False,False,26,35
786,713/SA0,True,39,1.0,46,True,28,4.0,37,False,False,-11,-9
787,713/SA1,True,283,7.0,381,True,309,3.0,418,False,False,26,37
788,717->754/SA1,True,85,16.0,85,True,74,16.0,74,False,False,-11,-11
789,717->792/SA0,True,39,13.0,39,True,37,11.0,37,False,False,-2,-2
790,717->793/SA1,True,40,40.0,40,True,37,13.0,37,False,False,-3,-3
791,717/SA0,True,151,3.0,151,True,173,6.0,173,False,False,22,22
792,717/SA1,True,143,16.0,143,True,133,13.0,133,False,False,-10,-10
793,72/SA1,True,2,418.0,5,False,0,,0,False,True,-2,-5
794,721/SA1,True,109,10.0,109,True,127,7.0,127,False,False,18,18
795,722->760/SA1,True,133,3.0,133,True,128,3.0,128,False,False,-5,-5
796,722->761/SA1,True,46,9.0,46,True,57,20.0,57,False,False,11,11
797,722->763/SA1,True,47,41.0,60,True,68,3.0,95,False,False,21,35
798,722/SA0,True,38,21.0,41,True,31,21.0,45,False,False,-7,4
799,722/SA1,True,285,3.0,354,True,295,3.0,384,False,False,10,30
800,727->757/SA0,True,31,44.0,31,True,31,43.0,31,False,False,0,0
801,727->758/SA1,True,51,19.0,51,True,58,11.0,58,False,False,7,7
802,727->759/SA1,True,95,2.0,95,True,82,1.0,82,False,False,-13,-13
803,727/SA0,True,158,9.0,158,True,152,10.0,152,False,False,-6,-6
804,727/SA1,True,145,2.0,145,True,138,1.0,138,False,False,-7,-7
805,73/SA1,False,0,,0,True,1,783.0,1,True,False,1,1
806,731/SA1,True,127,6.0,127,True,152,7.0,152,False,False,25,25
807,732/SA0,True,115,13.0,115,True,104,11.0,104,False,False,-11,-11
808,732/SA1,True,37,8.0,37,True,39,28.0,39,False,False,2,2
809,733/SA0,True,109,9.0,109,True,115,20.0,115,False,False,6,6
810,733/SA1,True,17,147.0,17,True,19,34.0,19,False,False,2,2
811,734/SA0,True,230,1.0,317,True,239,2.0,314,False,False,9,-3
812,734/SA1,True,16,8.0,21,True,25,35.0,30,False,False,9,9
813,735/SA0,True,733,2.0,733,True,735,2.0,735,False,False,2,2
814,735/SA1,True,72,10.0,72,True,80,1.0,80,False,False,8,8
815,736/SA0,True,97,1.0,97,True,87,5.0,87,False,False,-10,-10
816,737/SA0,True,22,24.0,22,True,20,76.0,20,False,False,-2,-2
817,738/SA0,True,477,2.0,545,True,493,2.0,559,False,False,16,14
818,738/SA1,True,52,1.0,57,True,37,13.0,39,False,False,-15,-18
819,739/SA0,True,94,2.0,94,True,104,21.0,104,False,False,10,10
820,74/SA1,True,11,144.0,11,True,4,243.0,4,False,False,-7,-7
821,740/SA0,True,28,11.0,28,True,14,23.0,14,False,False,-14,-14
822,741/SA0,True,177,19.0,177,True,169,3.0,169,False,False,-8,-8
823,741/SA1,True,23,153.0,23,True,12,58.0,12,False,False,-11,-11
824,742/SA0,True,105,2.0,105,True,97,5.0,97,False,False,-8,-8
825,743/SA0,True,25,21.0,25,True,29,9.0,29,False,False,4,4
826,744/SA0,True,168,1.0,168,True,171,3.0,171,False,False,3,3
827,744/SA1,True,14,20.0,14,True,15,22.0,15,False,False,1,1
828,745/SA0,True,100,73.0,100,True,95,10.0,95,False,False,-5,-5
829,746/SA0,True,27,21.0,27,True,30,17.0,30,False,False,3,3
830,747/SA0,True,247,1.0,338,True,252,2.0,335,False,False,5,-3
831,747/SA1,True,30,127.0,42,True,29,211.0,42,False,False,-1,0
832,748/SA0,True,96,11.0,96,True,104,6.0,104,False,False,8,8
833,749/SA0,True,27,47.0,27,True,21,118.0,21,False,False,-6,-6
834,75->287/SA1,True,3,114.0,6,True,5,88.0,11,False,False,2,5
835,75->290/SA1,True,127,2.0,127,True,131,9.0,131,False,False,4,4
836,75->293/SA1,True,138,9.0,138,True,133,13.0,133,False,False,-5,-5
837,75->294/SA1,True,3,755.0,5,True,9,37.0,19,False,False,6,14
838,75/SA0,True,228,7.0,282,True,227,2.0,282,False,False,-1,0
839,75/SA1,True,236,2.0,276,True,232,9.0,294,False,False,-4,18
840,750/SA1,True,26,40.0,31,True,25,33.0,34,False,False,-1,3
841,751/SA0,True,79,11.0,79,True,82,16.0,82,False,False,3,3
842,752/SA0,True,14,93.0,14,True,21,72.0,21,False,False,7,7
843,753/SA1,True,9,1.0,9,True,12,4.0,12,False,False,3,3
844,754/SA0,True,79,3.0,79,True,88,6.0,88,False,False,9,9
845,755/SA0,True,20,6.0,20,True,11,110.0,11,False,False,-9,-9
846,756/SA1,True,12,40.0,12,True,12,58.0,12,False,False,0,0
847,757/SA0,True,59,33.0,59,True,52,1.0,52,False,False,-7,-7
848,757/SA1,True,82,19.0,82,True,89,11.0,89,False,False,7,7
849,758/SA0,True,28,28.0,28,True,29,15.0,29,False,False,1,1
850,759/SA0,True,94,11.0,94,True,72,10.0,72,False,False,-22,-22
851,760/SA0,True,15,21.0,15,True,14,21.0,14,False,False,-1,-1
852,761/SA1,True,7,237.0,7,True,7,151.0,7,False,False,0,0
853,762/SA1,True,16,60.0,17,True,10,31.0,14,False,False,-6,-3
854,763/SA1,True,7,216.0,7,True,8,137.0,12,False,False,1,5
855,764/SA1,True,5,34.0,5,True,8,188.0,8,False,False,3,3
856,765/SA1,True,22,29.0,26,True,34,9.0,38,False,False,12,12
857,766/SA1,True,13,13.0,14,True,14,64.0,16,False,False,1,2
858,767/SA0,False,0,,0,False,0,,0,False,False,0,0
859,767/SA1,False,0,,0,False,0,,0,False,False,0,0
860,768/SA0,False,0,,0,False,0,,0,False,False,0,0
861,768/SA1,False,0,,0,False,0,,0,False,False,0,0
862,769/SA1,True,119,1.0,119,True,107,5.0,107,False,False,-12,-12
863,770/SA1,True,122,2.0,122,True,118,21.0,118,False,False,-4,-4
864,771/SA1,True,130,2.0,130,True,126,5.0,126,False,False,-4,-4
865,772/SA1,True,127,21.0,127,True,125,10.0,125,False,False,-2,-2
866,773->788/SA0,True,43,60.0,43,True,47,13.0,47,False,False,4,4
867,773->789/SA1,True,52,58.0,52,True,52,3.0,52,False,False,0,0
868,773->795/SA1,True,125,1.0,168,True,126,2.0,161,False,False,1,-7
869,773/SA0,True,108,8.0,136,True,121,13.0,164,False,False,13,28
870,777/SA1,True,123,11.0,123,True,125,6.0,125,False,False,2,2
871,778->790/SA0,True,36,1.0,36,True,33,2.0,33,False,False,-3,-3
872,778->791/SA1,True,43,58.0,43,True,47,27.0,47,False,False,4,4
873,778/SA0,True,52,1.0,52,True,57,2.0,57,False,False,5,5
874,781/SA1,True,93,11.0,93,True,103,16.0,103,False,False,10,10
875,782->792/SA0,True,40,40.0,40,True,37,13.0,37,False,False,-3,-3
876,782->793/SA1,True,39,13.0,39,True,37,11.0,37,False,False,-2,-2
877,782/SA0,True,60,8.0,60,True,64,13.0,64,False,False,4,4
878,785/SA1,True,99,3.0,99,True,99,6.0,99,False,False,0,0
879,786/SA1,True,87,28.0,87,True,81,1.0,81,False,False,-6,-6
880,787/SA1,True,109,11.0,109,True,86,10.0,86,False,False,-23,-23
881,788/SA0,True,97,9.0,97,True,101,11.0,101,False,False,4,4
882,788/SA1,True,95,58.0,95,True,99,3.0,99,False,False,4,4
883,789/SA0,True,24,28.0,24,True,21,15.0,21,False,False,-3,-3
884,790/SA0,True,66,9.0,66,True,68,20.0,68,False,False,2,2
885,790/SA1,True,79,1.0,79,True,80,2.0,80,False,False,1,1
886,791/SA0,True,16,61.0,16,True,24,15.0,24,False,False,8,8
887,792/SA0,True,76,16.0,76,True,67,22.0,67,False,False,-9,-9
888,792/SA1,True,79,13.0,79,True,74,11.0,74,False,False,-5,-5
889,793/SA0,True,20,8.0,20,True,27,64.0,27,False,False,7,7
890,795/SA1,True,58,8.0,69,True,67,32.0,96,False,False,9,27
891,796->806/SA0,True,51,75.0,51,True,53,32.0,53,False,False,2,2
892,796->807/SA1,True,51,61.0,51,True,49,3.0,49,False,False,-2,-2
893,796->812/SA1,True,69,32.0,69,True,88,3.0,88,False,False,19,19
894,796->813/SA1,True,40,51.0,40,True,43,3.0,43,False,False,3,3
895,796->814/SA1,True,62,15.0,72,True,59,2.0,64,False,False,-3,-8
896,796/SA0,True,117,8.0,146,True,127,21.0,180,False,False,10,34
897,8->269/SA1,True,65,9.0,65,True,58,12.0,58,False,False,-7,-7
898,8->279/SA1,True,37,9.0,79,True,44,15.0,98,False,False,7,19
899,8->280/SA1,True,26,28.0,29,True,16,146.0,20,False,False,-10,-9
900,8->309/SA1,True,196,8.0,237,True,169,15.0,202,False,False,-27,-35
901,8/SA0,True,251,10.0,384,True,242,1.0,383,False,False,-9,-1
902,8/SA1,True,259,8.0,394,True,233,12.0,370,False,False,-26,-24
903,80->287/SA1,True,3,169.0,4,True,2,139.0,4,False,False,-1,0
904,80->291/SA1,True,128,11.0,128,True,115,3.0,115,False,False,-13,-13
905,80->293/SA1,True,142,4.0,142,True,117,1.0,117,False,False,-25,-25
906,80->295/SA1,True,139,11.0,139,True,132,3.0,132,False,False,-7,-7
907,80/SA0,True,266,7.0,411,True,266,2.0,400,False,False,0,-11
908,80/SA1,True,266,4.0,413,True,236,1.0,368,False,False,-30,-45
909,802/SA1,True,121,9.0,121,True,122,11.0,122,False,False,1,1
910,803/SA1,True,82,9.0,82,True,92,15.0,92,False,False,10,10
911,804/SA1,True,96,8.0,96,True,94,22.0,94,False,False,-2,-2
912,805/SA1,True,198,4.0,198,True,198,11.0,198,False,False,0,0
913,806/SA0,True,106,1.0,106,True,91,42.0,91,False,False,-15,-15
914,806/SA1,True,102,61.0,102,True,102,3.0,102,False,False,0,0
915,807/SA0,True,19,8.0,19,True,31,31.0,31,False,False,12,12
916,811/SA0,True,760,1.0,760,True,743,2.0,743,False,False,-17,-17
917,812/SA1,True,31,28.0,31,True,38,31.0,38,False,False,7,7
918,813/SA1,True,21,147.0,21,True,22,31.0,22,False,False,1,1
919,814/SA1,True,21,43.0,24,True,31,21.0,36,False,False,10,12
920,815->830/SA0,True,34,20.0,34,True,25,21.0,25,False,False,-9,-9
921,815->831/SA1,True,68,61.0,68,True,66,3.0,66,False,False,-2,-2
922,815->841/SA1,True,369,2.0,369,True,388,2.0,388,False,False,19,19
923,815/SA0,True,180,1.0,198,True,176,8.0,197,False,False,-4,-1
924,819->832/SA0,True,44,34.0,44,True,36,58.0,36,False,False,-8,-8
925,819->833/SA1,True,74,28.0,74,True,46,33.0,46,False,False,-28,-28
926,819/SA0,True,68,34.0,68,True,64,31.0,64,False,False,-4,-4
927,822->834/SA0,True,41,20.0,41,True,36,1.0,36,False,False,-5,-5
928,822->835/SA1,True,64,66.0,64,True,65,3.0,65,False,False,1,1
929,822/SA0,True,53,20.0,53,True,65,1.0,65,False,False,12,12
930,825/SA1,True,125,1.0,125,True,122,31.0,122,False,False,-3,-3
931,826/SA1,True,255,2.0,255,True,242,3.0,242,False,False,-13,-13
932,827/SA1,True,194,1.0,194,True,193,2.0,193,False,False,-1,-1
933,828/SA1,True,209,13.0,209,True,188,1.0,188,False,False,-21,-21
934,830/SA0,True,108,8.0,108,True,105,20.0,105,False,False,-3,-3
935,830/SA1,True,102,20.0,102,True,91,3.0,91,False,False,-11,-11
936,831/SA0,True,18,13.0,18,True,21,13.0,21,False,False,3,3
937,832/SA0,True,103,19.0,103,True,123,3.0,123,False,False,20,20
938,832/SA1,True,118,28.0,118,True,82,33.0,82,False,False,-36,-36
939,833/SA0,True,24,72.0,24,True,28,31.0,28,False,False,4,4
940,834/SA0,True,104,1.0,104,True,106,27.0,106,False,False,2,2
941,834/SA1,True,105,20.0,105,True,101,1.0,101,False,False,-4,-4
942,835/SA0,True,12,147.0,12,True,29,31.0,29,False,False,17,17
943,837/SA0,True,674,1.0,674,True,649,1.0,649,False,False,-25,-25
944,838/SA0,True,770,1.0,770,True,745,1.0,745,False,False,-25,-25
945,839/SA0,True,770,1.0,770,True,751,1.0,751,False,False,-19,-19
946,841/SA1,True,146,1.0,146,True,151,8.0,151,False,False,5,5
947,842/SA1,True,126,8.0,126,True,126,13.0,126,False,False,0,0
948,843/SA1,True,127,19.0,127,True,151,3.0,151,False,False,24,24
949,844/SA1,True,116,1.0,116,True,135,27.0,135,False,False,19,19
950,845/SA1,True,268,2.0,268,True,242,1.0,242,False,False,-26,-26
951,849/SA1,True,291,1.0,291,True,289,1.0,289,False,False,-2,-2
952,85/SA1,True,277,1.0,277,True,257,4.0,257,False,False,-20,-20
953,850/SA0,False,0,,0,False,0,,0,False,False,0,0
954,850/SA1,False,0,,0,False,0,,0,False,False,0,0
955,854/SA0,True,686,2.0,686,True,646,1.0,646,False,False,-40,-40
956,859/SA1,True,263,3.0,263,True,243,1.0,243,False,False,-20,-20
957,86/SA1,True,253,3.0,253,True,278,1.0,278,False,False,25,25
958,860/SA1,True,275,3.0,275,True,237,11.0,237,False,False,-38,-38
959,861/SA1,True,266,6.0,266,True,263,1.0,263,False,False,-3,-3
960,863/SA0,False,0,,0,False,0,,0,False,False,0,0
961,863/SA1,False,0,,0,False,0,,0,False,False,0,0
962,864/SA0,False,0,,0,False,0,,0,False,False,0,0
963,864/SA1,False,0,,0,False,0,,0,False,False,0,0
964,865/SA0,False,0,,0,False,0,,0,False,False,0,0
965,865/SA1,False,0,,0,False,0,,0,False,False,0,0
966,866/SA0,False,0,,0,False,0,,0,False,False,0,0
967,866/SA1,False,0,,0,False,0,,0,False,False,0,0
968,867/SA0,True,680,1.0,680,True,650,1.0,650,False,False,-30,-30
969,868/SA0,True,675,1.0,675,True,623,1.0,623,False,False,-52,-52
970,869/SA0,True,686,2.0,686,True,651,1.0,651,False,False,-35,-35
971,87/SA0,True,188,1.0,236,True,183,11.0,250,False,False,-5,14
972,874/SA0,False,0,,0,False,0,,0,False,False,0,0
973,874/SA1,False,0,,0,False,0,,0,False,False,0,0
974,878/SA0,False,0,,0,False,0,,0,False,False,0,0
975,878/SA1,False,0,,0,False,0,,0,False,False,0,0
976,879/SA0,False,0,,0,False,0,,0,False,False,0,0
977,879/SA1,False,0,,0,False,0,,0,False,False,0,0
978,88/SA0,True,193,5.0,254,True,173,5.0,234,False,False,-20,-20
979,880/SA0,False,0,,0,False,0,,0,False,False,0,0
980,880/SA1,False,0,,0,False,0,,0,False,False,0,0
981,89/SA1,True,408,1.0,408,True,349,4.0,349,False,False,-59,-59
982,90/SA1,True,398,3.0,398,True,379,3.0,379,False,False,-19,-19
983,91->301/SA1,True,240,6.0,240,True,268,3.0,268,False,False,28,28
984,91->302/SA0,True,282,9.0,282,True,245,5.0,245,False,False,-37,-37
985,91->332/SA1,True,120,4.0,120,True,129,6.0,129,False,False,9,9
986,91->502/SA1,True,12,39.0,15,True,14,49.0,17,False,False,2,2
987,91/SA0,True,536,1.0,685,True,494,2.0,629,False,False,-42,-56
988,91/SA1,True,488,2.0,623,True,530,1.0,676,False,False,42,53
989,96->301/SA1,True,282,9.0,282,True,245,5.0,245,False,False,-37,-37
990,96->302/SA0,True,240,6.0,240,True,268,3.0,268,False,False,28,28
991,96->333/SA1,True,118,4.0,118,True,109,6.0,109,False,False,-9,-9
992,96->504/SA1,True,11,144.0,11,True,9,33.0,13,False,False,-2,2
993,96/SA0,True,494,1.0,627,True,517,2.0,660,False,False,23,33
994,96/SA1,True,530,2.0,659,True,507,1.0,629,False,False,-23,-30
