Vectors,Scenario 1 Coverage (%),Scenario 2B Coverage (%),2B Improvement (points)
1,18.30985915492958,14.587525150905432,-3.722334004024148
10,58.95372233400402,56.63983903420523,-2.313883299798789
25,71.42857142857143,75.0503018108652,3.6217303822937623
50,78.87323943661971,84.40643863179075,5.533199195171036
100,84.6076458752515,87.72635814889335,3.1187122736418473
250,90.84507042253522,91.44869215291752,0.6036217303823008
500,92.25352112676056,92.0523138832998,-0.20120724346075747
750,93.05835010060365,92.45472837022132,-0.6036217303823292
1024,93.36016096579478,92.75653923541248,-0.6036217303823008
