rank, signal, gate, level, fanout, PO_count, PO_impact           , PO_impact_%        , reachable_POs
   1,      1,     ,     0,      6,       15, 0.5769230769230769  , 57.692307692307686 , "['418', '419', '446', '447', '448', '449', '850', '863', '864', '865', '866', '874', '878', '879', '880']"
   2,     29,     ,     0,      6,       15, 0.5769230769230769  , 57.692307692307686 , "['388', '389', '390', '419', '446', '448', '850', '863', '864', '865', '866', '874', '878', '879', '880']"
   3,     42,     ,     0,      8,       14, 0.5384615384615384  , 53.84615384615385  , "['388', '390', '419', '422', '446', '850', '863', '864', '865', '866', '874', '878', '879', '880']"
   4,     59,     ,     0,      8,       13, 0.5                 , 50.0               , "['420', '421', '422', '449', '850', '863', '864', '865', '866', '874', '878', '879', '880']"
   5,     13,     ,     0,      3,       13, 0.5                 , 50.0               , "['418', '419', '446', '448', '449', '850', '863', '864', '865', '874', '878', '879', '880']"
   6,     17,     ,     0,      8,       12, 0.46153846153846156 , 46.15384615384615  , "['418', '419', '446', '850', '863', '864', '865', '866', '874', '878', '879', '880']"
   7,      8,     ,     0,      4,       12, 0.46153846153846156 , 46.15384615384615  , "['418', '448', '449', '850', '863', '864', '865', '866', '874', '878', '879', '880']"
   8,     80,     ,     0,      4,       12, 0.46153846153846156 , 46.15384615384615  , "['389', '420', '421', '850', '863', '864', '865', '866', '874', '878', '879', '880']"
   9,     26,     ,     0,      2,       12, 0.46153846153846156 , 46.15384615384615  , "['419', '446', '447', '850', '863', '864', '865', '866', '874', '878', '879', '880']"
  10,     75,     ,     0,      4,       11, 0.4230769230769231  , 42.30769230769231  , "['388', '420', '850', '863', '864', '865', '866', '874', '878', '879', '880']"
  11,     55,     ,     0,      3,       11, 0.4230769230769231  , 42.30769230769231  , "['448', '449', '850', '863', '864', '865', '866', '874', '878', '879', '880']"
  12,    201,     ,     0,      5,       10, 0.38461538461538464 , 38.46153846153847  , "['768', '850', '863', '864', '865', '866', '874', '878', '879', '880']"
  13,    121,     ,     0,      4,       10, 0.38461538461538464 , 38.46153846153847  , "['767', '850', '863', '864', '865', '866', '874', '878', '879', '880']"
  14,     51,     ,     0,      3,       10, 0.38461538461538464 , 38.46153846153847  , "['447', '850', '863', '864', '865', '866', '874', '878', '879', '880']"
  15,     68,     ,     0,      3,       10, 0.38461538461538464 , 38.46153846153847  , "['448', '449', '850', '863', '864', '865', '874', '878', '879', '880']"
  16,    126,     ,     0,      3,       10, 0.38461538461538464 , 38.46153846153847  , "['767', '850', '863', '864', '865', '866', '874', '878', '879', '880']"
  17,    280, NAND,     1,      3,       10, 0.38461538461538464 , 38.46153846153847  , "['448', '449', '850', '863', '864', '865', '874', '878', '879', '880']"
  18,    276, AND ,     1,      2,       10, 0.38461538461538464 , 38.46153846153847  , "['447', '850', '863', '864', '865', '866', '874', '878', '879', '880']"
  19,    466, NAND,     5,      8,        9, 0.34615384615384615 , 34.61538461538461  , "['850', '863', '864', '865', '866', '874', '878', '879', '880']"
  20,    195,     ,     0,      5,        9, 0.34615384615384615 , 34.61538461538461  , "['768', '863', '864', '865', '866', '874', '878', '879', '880']"
  21,    261,     ,     0,      5,        9, 0.34615384615384615 , 34.61538461538461  , "['850', '863', '864', '865', '866', '874', '878', '879', '880']"
  22,    310, NOT ,     1,      5,        9, 0.34615384615384615 , 34.61538461538461  , "['850', '863', '864', '865', '866', '874', '878', '879', '880']"
  23,    369, NOT ,     2,      5,        9, 0.34615384615384615 , 34.61538461538461  , "['850', '863', '864', '865', '866', '874', '878', '879', '880']"
  24,    393, NOT ,     3,      5,        9, 0.34615384615384615 , 34.61538461538461  , "['850', '863', '864', '865', '866', '874', '878', '879', '880']"
  25,    116,     ,     0,      4,        9, 0.34615384615384615 , 34.61538461538461  , "['767', '863', '864', '865', '866', '874', '878', '879', '880']"
  26,    437, NAND,     4,      4,        9, 0.34615384615384615 , 34.61538461538461  , "['850', '863', '864', '865', '866', '874', '878', '879', '880']"
  27,    483, NAND,     5,      4,        9, 0.34615384615384615 , 34.61538461538461  , "['850', '863', '864', '865', '866', '874', '878', '879', '880']"
  28,    654, OR  ,     9,      4,        9, 0.34615384615384615 , 34.61538461538461  , "['850', '863', '864', '865', '866', '874', '878', '879', '880']"
  29,    722, NOT ,    10,      4,        9, 0.34615384615384615 , 34.61538461538461  , "['850', '863', '864', '865', '866', '874', '878', '879', '880']"
  30,    581, NAND,     8,      3,        9, 0.34615384615384615 , 34.61538461538461  , "['850', '863', '864', '865', '866', '874', '878', '879', '880']"
  31,    153,     ,     0,      2,        9, 0.34615384615384615 , 34.61538461538461  , "['850', '863', '864', '865', '866', '874', '878', '879', '880']"
  32,    156,     ,     0,      2,        9, 0.34615384615384615 , 34.61538461538461  , "['850', '863', '864', '865', '866', '874', '878', '879', '880']"
  33,    287, AND ,     1,      2,        9, 0.34615384615384615 , 34.61538461538461  , "['850', '863', '864', '865', '866', '874', '878', '879', '880']"
  34,    319, NAND,     1,      2,        9, 0.34615384615384615 , 34.61538461538461  , "['850', '863', '864', '865', '866', '874', '878', '879', '880']"
  35,    651, NAND,     9,      2,        9, 0.34615384615384615 , 34.61538461538461  , "['850', '863', '864', '865', '866', '874', '878', '879', '880']"
  36,    268,     ,     0,      1,        9, 0.34615384615384615 , 34.61538461538461  , "['850', '863', '864', '865', '866', '874', '878', '879', '880']"
  37,    279, NAND,     1,      1,        9, 0.34615384615384615 , 34.61538461538461  , "['850', '863', '864', '865', '866', '874', '878', '879', '880']"
  38,    294, AND ,     1,      1,        9, 0.34615384615384615 , 34.61538461538461  , "['850', '863', '864', '865', '866', '874', '878', '879', '880']"
  39,    322, NOR ,     1,      1,        9, 0.34615384615384615 , 34.61538461538461  , "['850', '863', '864', '865', '866', '874', '878', '879', '880']"
  40,    323, AND ,     1,      1,        9, 0.34615384615384615 , 34.61538461538461  , "['850', '863', '864', '865', '866', '874', '878', '879', '880']"
  41,    345, NOT ,     2,      1,        9, 0.34615384615384615 , 34.61538461538461  , "['850', '863', '864', '865', '866', '874', '878', '879', '880']"
  42,    347, NOT ,     2,      1,        9, 0.34615384615384615 , 34.61538461538461  , "['850', '863', '864', '865', '866', '874', '878', '879', '880']"
  43,    352, NOT ,     2,      1,        9, 0.34615384615384615 , 34.61538461538461  , "['850', '863', '864', '865', '866', '874', '878', '879', '880']"
  44,    375, NOR ,     2,      1,        9, 0.34615384615384615 , 34.61538461538461  , "['850', '863', '864', '865', '866', '874', '878', '879', '880']"
  45,    410, NAND,     3,      1,        9, 0.34615384615384615 , 34.61538461538461  , "['850', '863', '864', '865', '866', '874', '878', '879', '880']"
  46,    442, NAND,     4,      1,        9, 0.34615384615384615 , 34.61538461538461  , "['850', '863', '864', '865', '866', '874', '878', '879', '880']"
  47,    443, NAND,     4,      1,        9, 0.34615384615384615 , 34.61538461538461  , "['850', '863', '864', '865', '866', '874', '878', '879', '880']"
  48,    491, OR  ,     5,      1,        9, 0.34615384615384615 , 34.61538461538461  , "['850', '863', '864', '865', '866', '874', '878', '879', '880']"
  49,    516, AND ,     6,      1,        9, 0.34615384615384615 , 34.61538461538461  , "['850', '863', '864', '865', '866', '874', '878', '879', '880']"
  50,    517, AND ,     6,      1,        9, 0.34615384615384615 , 34.61538461538461  , "['850', '863', '864', '865', '866', '874', '878', '879', '880']"
  51,    543, NOR ,     7,      1,        9, 0.34615384615384615 , 34.61538461538461  , "['850', '863', '864', '865', '866', '874', '878', '879', '880']"
  52,    210,     ,     0,      8,        8, 0.3076923076923077  , 30.76923076923077  , "['850', '863', '864', '865', '874', '878', '879', '880']"
  53,    219,     ,     0,      8,        8, 0.3076923076923077  , 30.76923076923077  , "['850', '863', '864', '865', '874', '878', '879', '880']"
  54,    228,     ,     0,      8,        8, 0.3076923076923077  , 30.76923076923077  , "['850', '863', '864', '865', '874', '878', '879', '880']"
  55,    237,     ,     0,      8,        8, 0.3076923076923077  , 30.76923076923077  , "['850', '863', '864', '865', '874', '878', '879', '880']"
  56,    246,     ,     0,      8,        8, 0.3076923076923077  , 30.76923076923077  , "['850', '863', '864', '865', '874', '878', '879', '880']"
  57,    451, NOT ,     5,      8,        8, 0.3076923076923077  , 30.76923076923077  , "['850', '863', '864', '865', '874', '878', '879', '880']"
  58,    189,     ,     0,      5,        8, 0.3076923076923077  , 30.76923076923077  , "['768', '863', '864', '866', '874', '878', '879', '880']"
  59,    644, OR  ,     9,      5,        8, 0.3076923076923077  , 30.76923076923077  , "['863', '864', '865', '866', '874', '878', '879', '880']"
  60,    111,     ,     0,      4,        8, 0.3076923076923077  , 30.76923076923077  , "['767', '863', '864', '866', '874', '878', '879', '880']"
  61,    577, NAND,     8,      3,        8, 0.3076923076923077  , 30.76923076923077  , "['863', '864', '865', '866', '874', '878', '879', '880']"
  62,    713, NOT ,    10,      3,        8, 0.3076923076923077  , 30.76923076923077  , "['863', '864', '865', '866', '874', '878', '879', '880']"
  63,    149,     ,     0,      2,        8, 0.3076923076923077  , 30.76923076923077  , "['863', '864', '865', '866', '874', '878', '879', '880']"
  64,    641, NAND,     9,      2,        8, 0.3076923076923077  , 30.76923076923077  , "['863', '864', '865', '866', '874', '878', '879', '880']"
  65,     72,     ,     0,      1,        8, 0.3076923076923077  , 30.76923076923077  , "['850', '863', '864', '865', '874', '878', '879', '880']"
  66,     73,     ,     0,      1,        8, 0.3076923076923077  , 30.76923076923077  , "['850', '863', '864', '865', '874', '878', '879', '880']"
  67,    284, NAND,     1,      1,        8, 0.3076923076923077  , 30.76923076923077  , "['850', '863', '864', '865', '874', '878', '879', '880']"
  68,    348, NOR ,     2,      1,        8, 0.3076923076923077  , 30.76923076923077  , "['850', '863', '864', '865', '874', '878', '879', '880']"
  69,    400, AND ,     3,      1,        8, 0.3076923076923077  , 30.76923076923077  , "['850', '863', '864', '865', '874', '878', '879', '880']"
  70,    424, NOT ,     4,      1,        8, 0.3076923076923077  , 30.76923076923077  , "['850', '863', '864', '865', '874', '878', '879', '880']"
  71,    490, OR  ,     5,      1,        8, 0.3076923076923077  , 30.76923076923077  , "['863', '864', '865', '866', '874', '878', '879', '880']"
  72,    514, AND ,     6,      1,        8, 0.3076923076923077  , 30.76923076923077  , "['863', '864', '865', '866', '874', '878', '879', '880']"
  73,    515, AND ,     6,      1,        8, 0.3076923076923077  , 30.76923076923077  , "['863', '864', '865', '866', '874', '878', '879', '880']"
  74,    542, NOR ,     7,      1,        8, 0.3076923076923077  , 30.76923076923077  , "['863', '864', '865', '866', '874', '878', '879', '880']"
  75,    183,     ,     0,      5,        7, 0.2692307692307692  , 26.923076923076923 , "['768', '863', '866', '874', '878', '879', '880']"
  76,    106,     ,     0,      4,        7, 0.2692307692307692  , 26.923076923076923 , "['767', '863', '866', '874', '878', '879', '880']"
  77,    635, OR  ,     9,      4,        7, 0.2692307692307692  , 26.923076923076923 , "['863', '864', '866', '874', '878', '879', '880']"
  78,    573, NAND,     8,      3,        7, 0.2692307692307692  , 26.923076923076923 , "['863', '864', '866', '874', '878', '879', '880']"
  79,    146,     ,     0,      2,        7, 0.2692307692307692  , 26.923076923076923 , "['863', '864', '866', '874', '878', '879', '880']"
  80,    632, NAND,     9,      2,        7, 0.2692307692307692  , 26.923076923076923 , "['863', '864', '866', '874', '878', '879', '880']"
  81,    705, NOT ,    10,      2,        7, 0.2692307692307692  , 26.923076923076923 , "['863', '864', '866', '874', '878', '879', '880']"
  82,    489, OR  ,     5,      1,        7, 0.2692307692307692  , 26.923076923076923 , "['863', '864', '866', '874', '878', '879', '880']"
  83,    512, AND ,     6,      1,        7, 0.2692307692307692  , 26.923076923076923 , "['863', '864', '866', '874', '878', '879', '880']"
  84,    513, AND ,     6,      1,        7, 0.2692307692307692  , 26.923076923076923 , "['863', '864', '866', '874', '878', '879', '880']"
  85,    541, NOR ,     7,      1,        7, 0.2692307692307692  , 26.923076923076923 , "['863', '864', '866', '874', '878', '879', '880']"
  86,     36,     ,     0,      5,        6, 0.23076923076923078 , 23.076923076923077 , "['389', '390', '419', '421', '422', '446']"
  87,    177,     ,     0,      5,        6, 0.23076923076923078 , 23.076923076923077 , "['768', '866', '874', '878', '879', '880']"
  88,    101,     ,     0,      4,        6, 0.23076923076923078 , 23.076923076923077 , "['767', '866', '874', '878', '879', '880']"
  89,    569, NAND,     8,      3,        6, 0.23076923076923078 , 23.076923076923077 , "['863', '866', '874', '878', '879', '880']"
  90,    773, NAND,    12,      3,        6, 0.23076923076923078 , 23.076923076923077 , "['863', '866', '874', '878', '879', '880']"
  91,    143,     ,     0,      2,        6, 0.23076923076923078 , 23.076923076923077 , "['863', '866', '874', '878', '879', '880']"
  92,    625, NAND,     9,      2,        6, 0.23076923076923078 , 23.076923076923077 , "['863', '866', '874', '878', '879', '880']"
  93,    628, OR  ,     9,      2,        6, 0.23076923076923078 , 23.076923076923077 , "['863', '866', '874', '878', '879', '880']"
  94,    697, NOT ,    10,      2,        6, 0.23076923076923078 , 23.076923076923077 , "['863', '866', '874', '878', '879', '880']"
  95,    488, OR  ,     5,      1,        6, 0.23076923076923078 , 23.076923076923077 , "['863', '866', '874', '878', '879', '880']"
  96,    510, AND ,     6,      1,        6, 0.23076923076923078 , 23.076923076923077 , "['863', '866', '874', '878', '879', '880']"
  97,    511, AND ,     6,      1,        6, 0.23076923076923078 , 23.076923076923077 , "['863', '866', '874', '878', '879', '880']"
  98,    540, NOR ,     7,      1,        6, 0.23076923076923078 , 23.076923076923077 , "['863', '866', '874', '878', '879', '880']"
  99,    734, NAND,    10,      1,        6, 0.23076923076923078 , 23.076923076923077 , "['863', '866', '874', '878', '879', '880']"
 100,    750, NOT ,    11,      1,        6, 0.23076923076923078 , 23.076923076923077 , "['863', '866', '874', '878', '879', '880']"
 101,    762, NAND,    11,      1,        6, 0.23076923076923078 , 23.076923076923077 , "['863', '866', '874', '878', '879', '880']"
 102,    763, NAND,    11,      1,        6, 0.23076923076923078 , 23.076923076923077 , "['863', '866', '874', '878', '879', '880']"
 103,    171,     ,     0,      5,        5, 0.19230769230769232 , 19.230769230769234 , "['768', '866', '878', '879', '880']"
 104,    796, NAND,    14,      5,        5, 0.19230769230769232 , 19.230769230769234 , "['866', '874', '878', '879', '880']"
 105,     96,     ,     0,      4,        5, 0.19230769230769232 , 19.230769230769234 , "['767', '866', '878', '879', '880']"
 106,    138,     ,     0,      4,        5, 0.19230769230769232 , 19.230769230769234 , "['866', '874', '878', '879', '880']"
 107,    427, AND ,     4,      4,        5, 0.19230769230769232 , 19.230769230769234 , "['866', '874', '878', '879', '880']"
 108,    432, AND ,     4,      4,        5, 0.19230769230769232 , 19.230769230769234 , "['866', '874', '878', '879', '880']"
 109,    619, OR  ,     9,      4,        5, 0.19230769230769232 , 19.230769230769234 , "['866', '874', '878', '879', '880']"
 110,    687, NOT ,    10,      4,        5, 0.19230769230769232 , 19.230769230769234 , "['866', '874', '878', '879', '880']"
 111,    565, NAND,     8,      3,        5, 0.19230769230769232 , 19.230769230769234 , "['866', '874', '878', '879', '880']"
 112,    616, NAND,     9,      2,        5, 0.19230769230769232 , 19.230769230769234 , "['866', '874', '878', '879', '880']"
 113,    152,     ,     0,      1,        5, 0.19230769230769232 , 19.230769230769234 , "['866', '874', '878', '879', '880']"
 114,    318, AND ,     1,      1,        5, 0.19230769230769232 , 19.230769230769234 , "['866', '874', '878', '879', '880']"
 115,    481, AND ,     5,      1,        5, 0.19230769230769232 , 19.230769230769234 , "['866', '874', '878', '879', '880']"
 116,    482, AND ,     5,      1,        5, 0.19230769230769232 , 19.230769230769234 , "['866', '874', '878', '879', '880']"
 117,    508, AND ,     6,      1,        5, 0.19230769230769232 , 19.230769230769234 , "['866', '874', '878', '879', '880']"
 118,    509, NOR ,     6,      1,        5, 0.19230769230769232 , 19.230769230769234 , "['866', '874', '878', '879', '880']"
 119,    539, NOR ,     7,      1,        5, 0.19230769230769232 , 19.230769230769234 , "['866', '874', '878', '879', '880']"
 120,    747, NOT ,    11,      1,        5, 0.19230769230769232 , 19.230769230769234 , "['866', '874', '878', '879', '880']"
 121,    795, NAND,    13,      1,        5, 0.19230769230769232 , 19.230769230769234 , "['866', '874', '878', '879', '880']"
 122,    165,     ,     0,      5,        4, 0.15384615384615385 , 15.384615384615385 , "['768', '866', '878', '879']"
 123,    609, OR  ,     9,      5,        4, 0.15384615384615385 , 15.384615384615385 , "['866', '878', '879', '880']"
 124,     91,     ,     0,      4,        4, 0.15384615384615385 , 15.384615384615385 , "['767', '866', '878', '879']"
 125,    561, NAND,     8,      3,        4, 0.15384615384615385 , 15.384615384615385 , "['866', '878', '879', '880']"
 126,    678, NOT ,    10,      3,        4, 0.15384615384615385 , 15.384615384615385 , "['866', '878', '879', '880']"
 127,    606, NAND,     9,      2,        4, 0.15384615384615385 , 15.384615384615385 , "['866', '878', '879', '880']"
 128,    317, AND ,     1,      1,        4, 0.15384615384615385 , 15.384615384615385 , "['866', '878', '879', '880']"
 129,    479, AND ,     5,      1,        4, 0.15384615384615385 , 15.384615384615385 , "['866', '878', '879', '880']"
 130,    480, AND ,     5,      1,        4, 0.15384615384615385 , 15.384615384615385 , "['866', '878', '879', '880']"
 131,    506, AND ,     6,      1,        4, 0.15384615384615385 , 15.384615384615385 , "['866', '878', '879', '880']"
 132,    507, NOR ,     6,      1,        4, 0.15384615384615385 , 15.384615384615385 , "['866', '878', '879', '880']"
 133,    538, NOR ,     7,      1,        4, 0.15384615384615385 , 15.384615384615385 , "['866', '878', '879', '880']"
 134,    159,     ,     0,      5,        3, 0.11538461538461539 , 11.538461538461538 , "['768', '866', '878']"
 135,    600, OR  ,     9,      4,        3, 0.11538461538461539 , 11.538461538461538 , "['866', '878', '879']"
 136,    255,     ,     0,      3,        3, 0.11538461538461539 , 11.538461538461538 , "['850', '864', '865']"
 137,    557, NAND,     8,      3,        3, 0.11538461538461539 , 11.538461538461538 , "['866', '878', '879']"
 138,    597, NAND,     9,      2,        3, 0.11538461538461539 , 11.538461538461538 , "['866', '878', '879']"
 139,    670, NOT ,    10,      2,        3, 0.11538461538461539 , 11.538461538461538 , "['866', '878', '879']"
 140,    316, AND ,     1,      1,        3, 0.11538461538461539 , 11.538461538461538 , "['866', '878', '879']"
 141,    477, AND ,     5,      1,        3, 0.11538461538461539 , 11.538461538461538 , "['866', '878', '879']"
 142,    478, AND ,     5,      1,        3, 0.11538461538461539 , 11.538461538461538 , "['866', '878', '879']"
 143,    504, AND ,     6,      1,        3, 0.11538461538461539 , 11.538461538461538 , "['866', '878', '879']"
 144,    505, NOR ,     6,      1,        3, 0.11538461538461539 , 11.538461538461538 , "['866', '878', '879']"
 145,    537, NOR ,     7,      1,        3, 0.11538461538461539 , 11.538461538461538 , "['866', '878', '879']"
 146,    130,     ,     0,      4,        2, 0.07692307692307693 ,  7.6923076923076925, "['767', '768']"
 147,    553, NAND,     8,      3,        2, 0.07692307692307693 ,  7.6923076923076925, "['866', '878']"
 148,    815, NAND,    16,      3,        2, 0.07692307692307693 ,  7.6923076923076925, "['866', '878']"
 149,    270, NAND,     1,      2,        2, 0.07692307692307693 ,  7.6923076923076925, "['419', '446']"
 150,    273, AND ,     1,      2,        2, 0.07692307692307693 ,  7.6923076923076925, "['419', '446']"
 151,    298, OR  ,     1,      2,        2, 0.07692307692307693 ,  7.6923076923076925, "['423', '450']"
 152,    590, NAND,     9,      2,        2, 0.07692307692307693 ,  7.6923076923076925, "['866', '878']"
 153,    593, OR  ,     9,      2,        2, 0.07692307692307693 ,  7.6923076923076925, "['866', '878']"
 154,    662, NOT ,    10,      2,        2, 0.07692307692307693 ,  7.6923076923076925, "['866', '878']"
 155,     87,     ,     0,      1,        2, 0.07692307692307693 ,  7.6923076923076925, "['423', '450']"
 156,     88,     ,     0,      1,        2, 0.07692307692307693 ,  7.6923076923076925, "['423', '450']"
 157,    309, AND ,     1,      1,        2, 0.07692307692307693 ,  7.6923076923076925, "['866', '878']"
 158,    475, AND ,     5,      1,        2, 0.07692307692307693 ,  7.6923076923076925, "['866', '878']"
 159,    476, AND ,     5,      1,        2, 0.07692307692307693 ,  7.6923076923076925, "['866', '878']"
 160,    502, AND ,     6,      1,        2, 0.07692307692307693 ,  7.6923076923076925, "['866', '878']"
 161,    503, NOR ,     6,      1,        2, 0.07692307692307693 ,  7.6923076923076925, "['866', '878']"
 162,    536, NOR ,     7,      1,        2, 0.07692307692307693 ,  7.6923076923076925, "['866', '878']"
 163,    738, NOT ,    11,      1,        2, 0.07692307692307693 ,  7.6923076923076925, "['866', '878']"
 164,    765, NAND,    11,      1,        2, 0.07692307692307693 ,  7.6923076923076925, "['866', '878']"
 165,    766, NAND,    11,      1,        2, 0.07692307692307693 ,  7.6923076923076925, "['866', '878']"
 166,    814, NAND,    15,      1,        2, 0.07692307692307693 ,  7.6923076923076925, "['866', '878']"
 167,    665, AND ,    10,      3,        1, 0.038461538461538464,  3.8461538461538463, ['878']
 168,    673, AND ,    10,      3,        1, 0.038461538461538464,  3.8461538461538463, ['879']
 169,    682, AND ,    10,      3,        1, 0.038461538461538464,  3.8461538461538463, ['880']
 170,    692, AND ,    10,      3,        1, 0.038461538461538464,  3.8461538461538463, ['874']
 171,    700, AND ,    10,      3,        1, 0.038461538461538464,  3.8461538461538463, ['863']
 172,    708, AND ,    10,      3,        1, 0.038461538461538464,  3.8461538461538463, ['864']
 173,    717, AND ,    10,      3,        1, 0.038461538461538464,  3.8461538461538463, ['865']
 174,    727, AND ,    10,      3,        1, 0.038461538461538464,  3.8461538461538463, ['850']
 175,    135,     ,     0,      2,        1, 0.038461538461538464,  3.8461538461538463, ['767']
 176,    207,     ,     0,      2,        1, 0.038461538461538464,  3.8461538461538463, ['768']
 177,    357, NAND,     2,      2,        1, 0.038461538461538464,  3.8461538461538463, ['767']
 178,    360, NAND,     2,      2,        1, 0.038461538461538464,  3.8461538461538463, ['767']
 179,    363, NAND,     2,      2,        1, 0.038461538461538464,  3.8461538461538463, ['767']
 180,    366, NAND,     2,      2,        1, 0.038461538461538464,  3.8461538461538463, ['767']
 181,    376, NAND,     2,      2,        1, 0.038461538461538464,  3.8461538461538463, ['768']
 182,    379, NAND,     2,      2,        1, 0.038461538461538464,  3.8461538461538463, ['768']
 183,    382, NAND,     2,      2,        1, 0.038461538461538464,  3.8461538461538463, ['768']
 184,    385, NAND,     2,      2,        1, 0.038461538461538464,  3.8461538461538463, ['768']
 185,    460, NOR ,     5,      2,        1, 0.038461538461538464,  3.8461538461538463, ['767']
 186,    463, NOR ,     5,      2,        1, 0.038461538461538464,  3.8461538461538463, ['767']
 187,    492, NOR ,     5,      2,        1, 0.038461538461538464,  3.8461538461538463, ['768']
 188,    495, NOR ,     5,      2,        1, 0.038461538461538464,  3.8461538461538463, ['768']
 189,    530, NAND,     7,      2,        1, 0.038461538461538464,  3.8461538461538463, ['767']
 190,    533, NAND,     7,      2,        1, 0.038461538461538464,  3.8461538461538463, ['767']
 191,    544, NAND,     7,      2,        1, 0.038461538461538464,  3.8461538461538463, ['768']
 192,    547, NAND,     7,      2,        1, 0.038461538461538464,  3.8461538461538463, ['768']
 193,    778, NAND,    12,      2,        1, 0.038461538461538464,  3.8461538461538463, ['864']
 194,    782, NAND,    12,      2,        1, 0.038461538461538464,  3.8461538461538463, ['865']
 195,    819, NAND,    16,      2,        1, 0.038461538461538464,  3.8461538461538463, ['879']
 196,    822, NAND,    16,      2,        1, 0.038461538461538464,  3.8461538461538463, ['880']
 197,     74,     ,     0,      1,        1, 0.038461538461538464,  3.8461538461538463, ['449']
 198,     85,     ,     0,      1,        1, 0.038461538461538464,  3.8461538461538463, ['391']
 199,     86,     ,     0,      1,        1, 0.038461538461538464,  3.8461538461538463, ['391']
 200,     89,     ,     0,      1,        1, 0.038461538461538464,  3.8461538461538463, ['450']
 201,     90,     ,     0,      1,        1, 0.038461538461538464,  3.8461538461538463, ['423']
 202,    259,     ,     0,      1,        1, 0.038461538461538464,  3.8461538461538463, ['864']
 203,    260,     ,     0,      1,        1, 0.038461538461538464,  3.8461538461538463, ['865']
 204,    267,     ,     0,      1,        1, 0.038461538461538464,  3.8461538461538463, ['850']
 205,    269, NAND,     1,      1,        1, 0.038461538461538464,  3.8461538461538463, ['418']
 206,    285, NAND,     1,      1,        1, 0.038461538461538464,  3.8461538461538463, ['448']
 207,    286, NAND,     1,      1,        1, 0.038461538461538464,  3.8461538461538463, ['449']
 208,    290, AND ,     1,      1,        1, 0.038461538461538464,  3.8461538461538463, ['388']
 209,    291, AND ,     1,      1,        1, 0.038461538461538464,  3.8461538461538463, ['389']
 210,    292, AND ,     1,      1,        1, 0.038461538461538464,  3.8461538461538463, ['390']
 211,    293, AND ,     1,      1,        1, 0.038461538461538464,  3.8461538461538463, ['420']
 212,    295, AND ,     1,      1,        1, 0.038461538461538464,  3.8461538461538463, ['421']
 213,    296, AND ,     1,      1,        1, 0.038461538461538464,  3.8461538461538463, ['422']
 214,    297, AND ,     1,      1,        1, 0.038461538461538464,  3.8461538461538463, ['391']
 215,    301, NAND,     1,      1,        1, 0.038461538461538464,  3.8461538461538463, ['767']
 216,    302, OR  ,     1,      1,        1, 0.038461538461538464,  3.8461538461538463, ['767']
 217,    303, NAND,     1,      1,        1, 0.038461538461538464,  3.8461538461538463, ['767']
 218,    304, OR  ,     1,      1,        1, 0.038461538461538464,  3.8461538461538463, ['767']
 219,    305, NAND,     1,      1,        1, 0.038461538461538464,  3.8461538461538463, ['767']
 220,    306, OR  ,     1,      1,        1, 0.038461538461538464,  3.8461538461538463, ['767']
 221,    307, NAND,     1,      1,        1, 0.038461538461538464,  3.8461538461538463, ['767']
 222,    308, OR  ,     1,      1,        1, 0.038461538461538464,  3.8461538461538463, ['767']
 223,    324, NAND,     1,      1,        1, 0.038461538461538464,  3.8461538461538463, ['768']
 224,    325, OR  ,     1,      1,        1, 0.038461538461538464,  3.8461538461538463, ['768']
 225,    326, NAND,     1,      1,        1, 0.038461538461538464,  3.8461538461538463, ['768']
 226,    327, OR  ,     1,      1,        1, 0.038461538461538464,  3.8461538461538463, ['768']
 227,    328, NAND,     1,      1,        1, 0.038461538461538464,  3.8461538461538463, ['768']
 228,    329, OR  ,     1,      1,        1, 0.038461538461538464,  3.8461538461538463, ['768']
 229,    330, NAND,     1,      1,        1, 0.038461538461538464,  3.8461538461538463, ['768']
 230,    331, OR  ,     1,      1,        1, 0.038461538461538464,  3.8461538461538463, ['768']
 231,    332, AND ,     1,      1,        1, 0.038461538461538464,  3.8461538461538463, ['879']
 232,    333, AND ,     1,      1,        1, 0.038461538461538464,  3.8461538461538463, ['880']
 233,    334, AND ,     1,      1,        1, 0.038461538461538464,  3.8461538461538463, ['874']
 234,    335, AND ,     1,      1,        1, 0.038461538461538464,  3.8461538461538463, ['863']
 235,    336, AND ,     1,      1,        1, 0.038461538461538464,  3.8461538461538463, ['864']
 236,    337, AND ,     1,      1,        1, 0.038461538461538464,  3.8461538461538463, ['864']
 237,    338, AND ,     1,      1,        1, 0.038461538461538464,  3.8461538461538463, ['865']
 238,    339, AND ,     1,      1,        1, 0.038461538461538464,  3.8461538461538463, ['865']
 239,    340, AND ,     1,      1,        1, 0.038461538461538464,  3.8461538461538463, ['850']
 240,    341, AND ,     1,      1,        1, 0.038461538461538464,  3.8461538461538463, ['850']
 241,    342, NOT ,     2,      1,        1, 0.038461538461538464,  3.8461538461538463, ['418']
 242,    343, NOT ,     2,      1,        1, 0.038461538461538464,  3.8461538461538463, ['446']
 243,    344, OR  ,     2,      1,        1, 0.038461538461538464,  3.8461538461538463, ['419']
 244,    346, NOT ,     2,      1,        1, 0.038461538461538464,  3.8461538461538463, ['447']
 245,    349, OR  ,     2,      1,        1, 0.038461538461538464,  3.8461538461538463, ['448']
 246,    350, OR  ,     2,      1,        1, 0.038461538461538464,  3.8461538461538463, ['449']
 247,    351, NOT ,     2,      1,        1, 0.038461538461538464,  3.8461538461538463, ['420']
 248,    353, NOT ,     2,      1,        1, 0.038461538461538464,  3.8461538461538463, ['421']
 249,    354, NOT ,     2,      1,        1, 0.038461538461538464,  3.8461538461538463, ['422']
 250,    355, NAND,     2,      1,        1, 0.038461538461538464,  3.8461538461538463, ['450']
 251,    356, AND ,     2,      1,        1, 0.038461538461538464,  3.8461538461538463, ['423']
 252,    392, OR  ,     3,      1,        1, 0.038461538461538464,  3.8461538461538463, ['446']
 253,    399, NOT ,     3,      1,        1, 0.038461538461538464,  3.8461538461538463, ['447']
 254,    401, NOT ,     3,      1,        1, 0.038461538461538464,  3.8461538461538463, ['448']
 255,    402, NOT ,     3,      1,        1, 0.038461538461538464,  3.8461538461538463, ['449']
 256,    403, NOT ,     3,      1,        1, 0.038461538461538464,  3.8461538461538463, ['450']
 257,    404, NOT ,     3,      1,        1, 0.038461538461538464,  3.8461538461538463, ['767']
 258,    405, NOT ,     3,      1,        1, 0.038461538461538464,  3.8461538461538463, ['767']
 259,    406, AND ,     3,      1,        1, 0.038461538461538464,  3.8461538461538463, ['767']
 260,    407, NOT ,     3,      1,        1, 0.038461538461538464,  3.8461538461538463, ['767']
 261,    408, NOT ,     3,      1,        1, 0.038461538461538464,  3.8461538461538463, ['767']
 262,    409, AND ,     3,      1,        1, 0.038461538461538464,  3.8461538461538463, ['767']
 263,    411, NOT ,     3,      1,        1, 0.038461538461538464,  3.8461538461538463, ['768']
 264,    412, NOT ,     3,      1,        1, 0.038461538461538464,  3.8461538461538463, ['768']
 265,    413, AND ,     3,      1,        1, 0.038461538461538464,  3.8461538461538463, ['768']
 266,    414, NOT ,     3,      1,        1, 0.038461538461538464,  3.8461538461538463, ['768']
 267,    415, NOT ,     3,      1,        1, 0.038461538461538464,  3.8461538461538463, ['768']
 268,    416, AND ,     3,      1,        1, 0.038461538461538464,  3.8461538461538463, ['768']
 269,    417, AND ,     3,      1,        1, 0.038461538461538464,  3.8461538461538463, ['878']
 270,    425, AND ,     4,      1,        1, 0.038461538461538464,  3.8461538461538463, ['767']
 271,    426, AND ,     4,      1,        1, 0.038461538461538464,  3.8461538461538463, ['767']
 272,    444, AND ,     4,      1,        1, 0.038461538461538464,  3.8461538461538463, ['768']
 273,    445, AND ,     4,      1,        1, 0.038461538461538464,  3.8461538461538463, ['768']
 274,    498, NAND,     6,      1,        1, 0.038461538461538464,  3.8461538461538463, ['767']
 275,    499, OR  ,     6,      1,        1, 0.038461538461538464,  3.8461538461538463, ['767']
 276,    500, NAND,     6,      1,        1, 0.038461538461538464,  3.8461538461538463, ['767']
 277,    501, OR  ,     6,      1,        1, 0.038461538461538464,  3.8461538461538463, ['767']
 278,    518, NAND,     6,      1,        1, 0.038461538461538464,  3.8461538461538463, ['768']
 279,    519, OR  ,     6,      1,        1, 0.038461538461538464,  3.8461538461538463, ['768']
 280,    520, NAND,     6,      1,        1, 0.038461538461538464,  3.8461538461538463, ['768']
 281,    521, OR  ,     6,      1,        1, 0.038461538461538464,  3.8461538461538463, ['768']
 282,    522, AND ,     6,      1,        1, 0.038461538461538464,  3.8461538461538463, ['878']
 283,    523, AND ,     6,      1,        1, 0.038461538461538464,  3.8461538461538463, ['879']
 284,    524, AND ,     6,      1,        1, 0.038461538461538464,  3.8461538461538463, ['880']
 285,    525, AND ,     6,      1,        1, 0.038461538461538464,  3.8461538461538463, ['874']
 286,    526, AND ,     6,      1,        1, 0.038461538461538464,  3.8461538461538463, ['863']
 287,    527, NAND,     6,      1,        1, 0.038461538461538464,  3.8461538461538463, ['864']
 288,    528, NAND,     6,      1,        1, 0.038461538461538464,  3.8461538461538463, ['865']
 289,    529, NAND,     6,      1,        1, 0.038461538461538464,  3.8461538461538463, ['850']
 290,    550, NOT ,     8,      1,        1, 0.038461538461538464,  3.8461538461538463, ['767']
 291,    551, NOT ,     8,      1,        1, 0.038461538461538464,  3.8461538461538463, ['767']
 292,    552, AND ,     8,      1,        1, 0.038461538461538464,  3.8461538461538463, ['767']
 293,    585, NOT ,     8,      1,        1, 0.038461538461538464,  3.8461538461538463, ['768']
 294,    586, NOT ,     8,      1,        1, 0.038461538461538464,  3.8461538461538463, ['768']
 295,    587, AND ,     8,      1,        1, 0.038461538461538464,  3.8461538461538463, ['768']
 296,    588, AND ,     9,      1,        1, 0.038461538461538464,  3.8461538461538463, ['767']
 297,    589, AND ,     9,      1,        1, 0.038461538461538464,  3.8461538461538463, ['768']
 298,    596, AND ,     9,      1,        1, 0.038461538461538464,  3.8461538461538463, ['878']
 299,    605, AND ,     9,      1,        1, 0.038461538461538464,  3.8461538461538463, ['879']
 300,    615, AND ,     9,      1,        1, 0.038461538461538464,  3.8461538461538463, ['880']
 301,    624, AND ,     9,      1,        1, 0.038461538461538464,  3.8461538461538463, ['874']
 302,    631, AND ,     9,      1,        1, 0.038461538461538464,  3.8461538461538463, ['863']
 303,    640, AND ,     9,      1,        1, 0.038461538461538464,  3.8461538461538463, ['864']
 304,    650, AND ,     9,      1,        1, 0.038461538461538464,  3.8461538461538463, ['865']
 305,    659, AND ,     9,      1,        1, 0.038461538461538464,  3.8461538461538463, ['850']
 306,    660, NOR ,    10,      1,        1, 0.038461538461538464,  3.8461538461538463, ['767']
 307,    661, NOR ,    10,      1,        1, 0.038461538461538464,  3.8461538461538463, ['768']
 308,    669, NOR ,    10,      1,        1, 0.038461538461538464,  3.8461538461538463, ['878']
 309,    677, NOR ,    10,      1,        1, 0.038461538461538464,  3.8461538461538463, ['879']
 310,    686, NOR ,    10,      1,        1, 0.038461538461538464,  3.8461538461538463, ['880']
 311,    696, NOR ,    10,      1,        1, 0.038461538461538464,  3.8461538461538463, ['874']
 312,    704, NOR ,    10,      1,        1, 0.038461538461538464,  3.8461538461538463, ['863']
 313,    712, NOR ,    10,      1,        1, 0.038461538461538464,  3.8461538461538463, ['864']
 314,    721, NOR ,    10,      1,        1, 0.038461538461538464,  3.8461538461538463, ['865']
 315,    731, NOR ,    10,      1,        1, 0.038461538461538464,  3.8461538461538463, ['850']
 316,    732, NAND,    10,      1,        1, 0.038461538461538464,  3.8461538461538463, ['865']
 317,    733, NAND,    10,      1,        1, 0.038461538461538464,  3.8461538461538463, ['864']
 318,    735, NOT ,    11,      1,        1, 0.038461538461538464,  3.8461538461538463, ['866']
 319,    736, AND ,    11,      1,        1, 0.038461538461538464,  3.8461538461538463, ['878']
 320,    737, AND ,    11,      1,        1, 0.038461538461538464,  3.8461538461538463, ['878']
 321,    739, AND ,    11,      1,        1, 0.038461538461538464,  3.8461538461538463, ['879']
 322,    740, AND ,    11,      1,        1, 0.038461538461538464,  3.8461538461538463, ['879']
 323,    741, NOT ,    11,      1,        1, 0.038461538461538464,  3.8461538461538463, ['879']
 324,    742, AND ,    11,      1,        1, 0.038461538461538464,  3.8461538461538463, ['880']
 325,    743, AND ,    11,      1,        1, 0.038461538461538464,  3.8461538461538463, ['880']
 326,    744, NOT ,    11,      1,        1, 0.038461538461538464,  3.8461538461538463, ['880']
 327,    745, AND ,    11,      1,        1, 0.038461538461538464,  3.8461538461538463, ['874']
 328,    746, AND ,    11,      1,        1, 0.038461538461538464,  3.8461538461538463, ['874']
 329,    748, AND ,    11,      1,        1, 0.038461538461538464,  3.8461538461538463, ['863']
 330,    749, AND ,    11,      1,        1, 0.038461538461538464,  3.8461538461538463, ['863']
 331,    751, AND ,    11,      1,        1, 0.038461538461538464,  3.8461538461538463, ['864']
 332,    752, AND ,    11,      1,        1, 0.038461538461538464,  3.8461538461538463, ['864']
 333,    753, NOT ,    11,      1,        1, 0.038461538461538464,  3.8461538461538463, ['864']
 334,    754, AND ,    11,      1,        1, 0.038461538461538464,  3.8461538461538463, ['865']
 335,    755, AND ,    11,      1,        1, 0.038461538461538464,  3.8461538461538463, ['865']
 336,    756, NOT ,    11,      1,        1, 0.038461538461538464,  3.8461538461538463, ['865']
 337,    757, NOR ,    11,      1,        1, 0.038461538461538464,  3.8461538461538463, ['850']
 338,    758, AND ,    11,      1,        1, 0.038461538461538464,  3.8461538461538463, ['850']
 339,    759, AND ,    11,      1,        1, 0.038461538461538464,  3.8461538461538463, ['850']
 340,    760, AND ,    11,      1,        1, 0.038461538461538464,  3.8461538461538463, ['850']
 341,    761, NAND,    11,      1,        1, 0.038461538461538464,  3.8461538461538463, ['864']
 342,    764, NAND,    11,      1,        1, 0.038461538461538464,  3.8461538461538463, ['879']
 343,    769, NOR ,    12,      1,        1, 0.038461538461538464,  3.8461538461538463, ['878']
 344,    770, NOR ,    12,      1,        1, 0.038461538461538464,  3.8461538461538463, ['879']
 345,    771, NOR ,    12,      1,        1, 0.038461538461538464,  3.8461538461538463, ['880']
 346,    772, NOR ,    12,      1,        1, 0.038461538461538464,  3.8461538461538463, ['874']
 347,    777, NOR ,    12,      1,        1, 0.038461538461538464,  3.8461538461538463, ['863']
 348,    781, NOR ,    12,      1,        1, 0.038461538461538464,  3.8461538461538463, ['864']
 349,    785, NOR ,    12,      1,        1, 0.038461538461538464,  3.8461538461538463, ['865']
 350,    786, NOR ,    12,      1,        1, 0.038461538461538464,  3.8461538461538463, ['850']
 351,    787, NOR ,    12,      1,        1, 0.038461538461538464,  3.8461538461538463, ['850']
 352,    788, NOR ,    13,      1,        1, 0.038461538461538464,  3.8461538461538463, ['863']
 353,    789, AND ,    13,      1,        1, 0.038461538461538464,  3.8461538461538463, ['863']
 354,    790, NOR ,    13,      1,        1, 0.038461538461538464,  3.8461538461538463, ['864']
 355,    791, AND ,    13,      1,        1, 0.038461538461538464,  3.8461538461538463, ['864']
 356,    792, NOR ,    13,      1,        1, 0.038461538461538464,  3.8461538461538463, ['865']
 357,    793, AND ,    13,      1,        1, 0.038461538461538464,  3.8461538461538463, ['865']
 358,    794, AND ,    13,      1,        1, 0.038461538461538464,  3.8461538461538463, ['850']
 359,    802, NOR ,    14,      1,        1, 0.038461538461538464,  3.8461538461538463, ['863']
 360,    803, NOR ,    14,      1,        1, 0.038461538461538464,  3.8461538461538463, ['864']
 361,    804, NOR ,    14,      1,        1, 0.038461538461538464,  3.8461538461538463, ['865']
 362,    805, NOR ,    14,      1,        1, 0.038461538461538464,  3.8461538461538463, ['850']
 363,    806, NOR ,    15,      1,        1, 0.038461538461538464,  3.8461538461538463, ['874']
 364,    807, AND ,    15,      1,        1, 0.038461538461538464,  3.8461538461538463, ['874']
 365,    808, AND ,    15,      1,        1, 0.038461538461538464,  3.8461538461538463, ['863']
 366,    809, AND ,    15,      1,        1, 0.038461538461538464,  3.8461538461538463, ['864']
 367,    810, AND ,    15,      1,        1, 0.038461538461538464,  3.8461538461538463, ['865']
 368,    811, NAND,    15,      1,        1, 0.038461538461538464,  3.8461538461538463, ['850']
 369,    812, NAND,    15,      1,        1, 0.038461538461538464,  3.8461538461538463, ['880']
 370,    813, NAND,    15,      1,        1, 0.038461538461538464,  3.8461538461538463, ['879']
 371,    825, NOR ,    16,      1,        1, 0.038461538461538464,  3.8461538461538463, ['874']
 372,    826, NOR ,    16,      1,        1, 0.038461538461538464,  3.8461538461538463, ['863']
 373,    827, NOR ,    16,      1,        1, 0.038461538461538464,  3.8461538461538463, ['864']
 374,    828, NOR ,    16,      1,        1, 0.038461538461538464,  3.8461538461538463, ['865']
 375,    829, NOT ,    16,      1,        1, 0.038461538461538464,  3.8461538461538463, ['850']
 376,    830, NOR ,    17,      1,        1, 0.038461538461538464,  3.8461538461538463, ['878']
 377,    831, AND ,    17,      1,        1, 0.038461538461538464,  3.8461538461538463, ['878']
 378,    832, NOR ,    17,      1,        1, 0.038461538461538464,  3.8461538461538463, ['879']
 379,    833, AND ,    17,      1,        1, 0.038461538461538464,  3.8461538461538463, ['879']
 380,    834, NOR ,    17,      1,        1, 0.038461538461538464,  3.8461538461538463, ['880']
 381,    835, AND ,    17,      1,        1, 0.038461538461538464,  3.8461538461538463, ['880']
 382,    836, AND ,    17,      1,        1, 0.038461538461538464,  3.8461538461538463, ['874']
 383,    837, NAND,    17,      1,        1, 0.038461538461538464,  3.8461538461538463, ['863']
 384,    838, NAND,    17,      1,        1, 0.038461538461538464,  3.8461538461538463, ['864']
 385,    839, NAND,    17,      1,        1, 0.038461538461538464,  3.8461538461538463, ['865']
 386,    840, NOT ,    17,      1,        1, 0.038461538461538464,  3.8461538461538463, ['850']
 387,    841, NAND,    17,      1,        1, 0.038461538461538464,  3.8461538461538463, ['866']
 388,    842, NOR ,    18,      1,        1, 0.038461538461538464,  3.8461538461538463, ['878']
 389,    843, NOR ,    18,      1,        1, 0.038461538461538464,  3.8461538461538463, ['879']
 390,    844, NOR ,    18,      1,        1, 0.038461538461538464,  3.8461538461538463, ['880']
 391,    845, NOR ,    18,      1,        1, 0.038461538461538464,  3.8461538461538463, ['874']
 392,    846, NOT ,    18,      1,        1, 0.038461538461538464,  3.8461538461538463, ['863']
 393,    847, NOT ,    18,      1,        1, 0.038461538461538464,  3.8461538461538463, ['864']
 394,    848, NOT ,    18,      1,        1, 0.038461538461538464,  3.8461538461538463, ['865']
 395,    849, AND ,    18,      1,        1, 0.038461538461538464,  3.8461538461538463, ['866']
 396,    851, AND ,    19,      1,        1, 0.038461538461538464,  3.8461538461538463, ['878']
 397,    852, AND ,    19,      1,        1, 0.038461538461538464,  3.8461538461538463, ['879']
 398,    853, AND ,    19,      1,        1, 0.038461538461538464,  3.8461538461538463, ['880']
 399,    854, NAND,    19,      1,        1, 0.038461538461538464,  3.8461538461538463, ['874']
 400,    855, NOT ,    19,      1,        1, 0.038461538461538464,  3.8461538461538463, ['863']
 401,    856, NOT ,    19,      1,        1, 0.038461538461538464,  3.8461538461538463, ['864']
 402,    857, NOT ,    19,      1,        1, 0.038461538461538464,  3.8461538461538463, ['865']
 403,    858, NOT ,    19,      1,        1, 0.038461538461538464,  3.8461538461538463, ['866']
 404,    859, NOR ,    20,      1,        1, 0.038461538461538464,  3.8461538461538463, ['878']
 405,    860, NOR ,    20,      1,        1, 0.038461538461538464,  3.8461538461538463, ['879']
 406,    861, NOR ,    20,      1,        1, 0.038461538461538464,  3.8461538461538463, ['880']
 407,    862, NOT ,    20,      1,        1, 0.038461538461538464,  3.8461538461538463, ['874']
 408,    867, NAND,    21,      1,        1, 0.038461538461538464,  3.8461538461538463, ['878']
 409,    868, NAND,    21,      1,        1, 0.038461538461538464,  3.8461538461538463, ['879']
 410,    869, NAND,    21,      1,        1, 0.038461538461538464,  3.8461538461538463, ['880']
 411,    870, NOT ,    21,      1,        1, 0.038461538461538464,  3.8461538461538463, ['874']
 412,    871, NOT ,    22,      1,        1, 0.038461538461538464,  3.8461538461538463, ['878']
 413,    872, NOT ,    22,      1,        1, 0.038461538461538464,  3.8461538461538463, ['879']
 414,    873, NOT ,    22,      1,        1, 0.038461538461538464,  3.8461538461538463, ['880']
 415,    875, NOT ,    23,      1,        1, 0.038461538461538464,  3.8461538461538463, ['878']
 416,    876, NOT ,    23,      1,        1, 0.038461538461538464,  3.8461538461538463, ['879']
 417,    877, NOT ,    23,      1,        1, 0.038461538461538464,  3.8461538461538463, ['880']
 418,    388, BUFF,     2,      0,        1, 0.038461538461538464,  3.8461538461538463, ['388']
 419,    389, BUFF,     2,      0,        1, 0.038461538461538464,  3.8461538461538463, ['389']
 420,    390, BUFF,     2,      0,        1, 0.038461538461538464,  3.8461538461538463, ['390']
 421,    391, BUFF,     2,      0,        1, 0.038461538461538464,  3.8461538461538463, ['391']
 422,    418, BUFF,     3,      0,        1, 0.038461538461538464,  3.8461538461538463, ['418']
 423,    419, BUFF,     3,      0,        1, 0.038461538461538464,  3.8461538461538463, ['419']
 424,    420, BUFF,     3,      0,        1, 0.038461538461538464,  3.8461538461538463, ['420']
 425,    421, BUFF,     3,      0,        1, 0.038461538461538464,  3.8461538461538463, ['421']
 426,    422, BUFF,     3,      0,        1, 0.038461538461538464,  3.8461538461538463, ['422']
 427,    423, BUFF,     3,      0,        1, 0.038461538461538464,  3.8461538461538463, ['423']
 428,    446, BUFF,     4,      0,        1, 0.038461538461538464,  3.8461538461538463, ['446']
 429,    447, BUFF,     4,      0,        1, 0.038461538461538464,  3.8461538461538463, ['447']
 430,    448, BUFF,     4,      0,        1, 0.038461538461538464,  3.8461538461538463, ['448']
 431,    449, BUFF,     4,      0,        1, 0.038461538461538464,  3.8461538461538463, ['449']
 432,    450, BUFF,     4,      0,        1, 0.038461538461538464,  3.8461538461538463, ['450']
 433,    767, BUFF,    11,      0,        1, 0.038461538461538464,  3.8461538461538463, ['767']
 434,    768, BUFF,    11,      0,        1, 0.038461538461538464,  3.8461538461538463, ['768']
 435,    850, BUFF,    18,      0,        1, 0.038461538461538464,  3.8461538461538463, ['850']
 436,    863, BUFF,    20,      0,        1, 0.038461538461538464,  3.8461538461538463, ['863']
 437,    864, BUFF,    20,      0,        1, 0.038461538461538464,  3.8461538461538463, ['864']
 438,    865, BUFF,    20,      0,        1, 0.038461538461538464,  3.8461538461538463, ['865']
 439,    866, BUFF,    20,      0,        1, 0.038461538461538464,  3.8461538461538463, ['866']
 440,    874, BUFF,    22,      0,        1, 0.038461538461538464,  3.8461538461538463, ['874']
 441,    878, BUFF,    24,      0,        1, 0.038461538461538464,  3.8461538461538463, ['878']
 442,    879, BUFF,    24,      0,        1, 0.038461538461538464,  3.8461538461538463, ['879']
 443,    880, BUFF,    24,      0,        1, 0.038461538461538464,  3.8461538461538463, ['880']
